market_id,entry_secs,entry_price,side,resolution,win,ep_bin
1367600,46,0.995,UP,1,True,>0.96
1367604,46,0.985,UP,1,True,>0.96
1367607,43,0.965,DOWN,0,True,>0.96
1367609,31,0.935,UP,1,True,0.93-0.96
1367610,42,0.985,DOWN,0,True,>0.96
1367611,47,0.955,UP,1,True,0.93-0.96
1367613,48,0.955,DOWN,0,True,0.93-0.96
1367614,31,0.995,DOWN,0,True,>0.96
1367615,33,0.995,UP,1,True,>0.96
1367620,46,0.975,DOWN,0,True,>0.96
1367622,46,0.995,DOWN,0,True,>0.96
1367647,42,0.92,DOWN,0,True,0.90-0.93
1367650,46,0.905,DOWN,0,True,0.90-0.93
1367651,44,0.95,DOWN,0,True,0.93-0.96
1367654,44,0.97,DOWN,0,True,>0.96
1367659,47,0.885,UP,1,True,0.88-0.90
1367660,47,0.935,UP,1,True,0.93-0.96
1367662,36,0.995,DOWN,0,True,>0.96
1367679,47,0.995,UP,1,True,>0.96
1367680,45,0.935,UP,1,True,0.93-0.96
1367681,46,0.95,DOWN,0,True,0.93-0.96
1367682,46,0.995,UP,1,True,>0.96
1367684,45,0.965,DOWN,0,True,>0.96
1367686,45,0.925,UP,1,True,0.90-0.93
1367687,44,0.94,UP,1,True,0.93-0.96
1367690,45,0.995,UP,1,True,>0.96
1367691,37,0.95,UP,1,True,0.93-0.96
1367693,47,0.96,UP,1,True,0.93-0.96
1367694,47,0.975,DOWN,0,True,>0.96
1367770,47,0.945,DOWN,0,True,0.93-0.96
1367771,30,0.96,DOWN,0,True,0.93-0.96
1367772,46,0.94,DOWN,0,True,0.93-0.96
1367780,46,0.935,UP,1,True,0.93-0.96
1367786,46,0.985,UP,1,True,>0.96
1367789,43,0.985,UP,1,True,>0.96
1367791,41,0.975,DOWN,0,True,>0.96
1367794,46,0.985,UP,1,True,>0.96
1367795,48,0.995,DOWN,0,True,>0.96
1367805,46,0.97,UP,1,True,>0.96
1367808,47,0.925,UP,1,True,0.90-0.93
1367809,46,0.965,UP,1,True,>0.96
1367810,45,0.97,DOWN,0,True,>0.96
1367812,43,0.995,UP,1,True,>0.96
1367813,46,0.97,UP,1,True,>0.96
1367814,45,0.91,UP,1,True,0.90-0.93
1367816,42,0.94,UP,1,True,0.93-0.96
1367820,46,0.96,UP,1,True,0.93-0.96
1367821,48,0.995,UP,1,True,>0.96
1367822,44,0.945,DOWN,0,True,0.93-0.96
1367826,48,0.95,DOWN,0,True,0.93-0.96
1367827,47,0.955,UP,1,True,0.93-0.96
1367828,45,0.9,DOWN,0,True,0.88-0.90
1367829,45,0.915,UP,1,True,0.90-0.93
1367830,48,0.96,DOWN,0,True,0.93-0.96
1367831,45,0.905,UP,1,True,0.90-0.93
1367837,47,0.97,UP,1,True,>0.96
1367838,46,0.91,UP,1,True,0.90-0.93
1367839,42,0.935,UP,1,True,0.93-0.96
1367842,44,0.925,DOWN,0,True,0.90-0.93
1367849,26,0.935,DOWN,0,True,0.93-0.96
1367851,48,0.995,DOWN,0,True,>0.96
1367852,25,0.915,DOWN,0,True,0.90-0.93
1367854,45,0.995,UP,1,True,>0.96
1367855,44,0.975,DOWN,0,True,>0.96
1367858,45,0.91,UP,1,True,0.90-0.93
1367859,43,0.965,DOWN,0,True,>0.96
1367860,45,0.945,DOWN,0,True,0.93-0.96
1367872,46,0.995,UP,1,True,>0.96
1367874,42,0.915,DOWN,0,True,0.90-0.93
1367875,45,0.995,UP,1,True,>0.96
1367876,43,0.975,UP,1,True,>0.96
1367877,47,0.995,DOWN,0,True,>0.96
1367879,44,0.945,UP,1,True,0.93-0.96
1367880,12,0.935,UP,1,True,0.93-0.96
1367881,44,0.995,DOWN,0,True,>0.96
1367882,47,0.955,DOWN,0,True,0.93-0.96
1367883,43,0.985,UP,1,True,>0.96
1367885,30,0.985,UP,1,True,>0.96
1367887,46,0.905,DOWN,0,True,0.90-0.93
1367888,46,0.895,UP,1,True,0.88-0.90
1367889,47,0.935,DOWN,0,True,0.93-0.96
1367896,47,0.985,DOWN,0,True,>0.96
1367897,46,0.975,DOWN,0,True,>0.96
1367898,45,0.995,UP,1,True,>0.96
1367900,42,0.995,UP,1,True,>0.96
1367901,44,0.995,DOWN,0,True,>0.96
1367903,43,0.925,UP,1,True,0.90-0.93
1367904,45,0.965,DOWN,0,True,>0.96
1367906,45,0.975,UP,1,True,>0.96
1367907,44,0.985,DOWN,0,True,>0.96
1367913,43,0.995,DOWN,0,True,>0.96
1367918,46,0.985,DOWN,0,True,>0.96
1367919,46,0.975,DOWN,0,True,>0.96
1367922,47,0.935,UP,1,True,0.93-0.96
1367923,47,0.965,UP,1,True,>0.96
1367925,31,0.885,DOWN,0,True,0.88-0.90
1367926,47,0.925,DOWN,0,True,0.90-0.93
1367930,31,0.965,DOWN,0,True,>0.96
1367934,34,0.98,DOWN,0,True,>0.96
1367935,46,0.995,UP,1,True,>0.96
1367938,46,0.885,DOWN,0,True,0.88-0.90
1367941,44,0.955,DOWN,0,True,0.93-0.96
1367943,44,0.955,UP,1,True,0.93-0.96
1367944,43,0.905,DOWN,0,True,0.90-0.93
1367946,44,0.985,UP,1,True,>0.96
1367948,43,0.995,DOWN,0,True,>0.96
1367953,45,0.955,UP,1,True,0.93-0.96
1367954,47,0.915,UP,1,True,0.90-0.93
1367955,44,0.945,UP,1,True,0.93-0.96
1367962,35,0.945,UP,1,True,0.93-0.96
1367964,48,0.895,DOWN,0,True,0.88-0.90
1367967,46,0.965,DOWN,0,True,>0.96
1367968,44,0.975,UP,1,True,>0.96
1367969,45,0.925,UP,1,True,0.90-0.93
1367979,48,0.985,DOWN,0,True,>0.96
1367980,44,0.965,DOWN,0,True,>0.96
1367984,43,0.91,DOWN,0,True,0.90-0.93
1367986,42,0.985,DOWN,0,True,>0.96
1367990,41,0.935,UP,1,True,0.93-0.96
1368000,42,0.995,DOWN,0,True,>0.96
1368001,48,0.96,UP,1,True,0.93-0.96
1368003,42,0.935,UP,1,True,0.93-0.96
1368004,42,0.95,UP,1,True,0.93-0.96
1368017,47,0.94,DOWN,0,True,0.93-0.96
1368018,42,0.925,DOWN,0,True,0.90-0.93
1368021,45,0.915,DOWN,0,True,0.90-0.93
1368023,46,0.935,UP,1,True,0.93-0.96
1368027,45,0.895,UP,1,True,0.88-0.90
1368029,43,0.98,UP,1,True,>0.96
1368031,43,0.975,DOWN,0,True,>0.96
1368035,44,0.955,DOWN,0,True,0.93-0.96
1368037,46,0.915,UP,1,True,0.90-0.93
1368043,45,0.995,DOWN,0,True,>0.96
1368044,44,0.945,DOWN,0,True,0.93-0.96
1368090,46,0.955,UP,1,True,0.93-0.96
1368093,43,0.945,DOWN,0,True,0.93-0.96
1368094,30,0.95,DOWN,0,True,0.93-0.96
1368095,42,0.925,DOWN,0,True,0.90-0.93
1368098,45,0.995,UP,1,True,>0.96
1368099,47,0.915,UP,1,True,0.90-0.93
1368108,43,0.955,DOWN,0,True,0.93-0.96
1368112,32,0.965,UP,1,True,>0.96
1368113,46,0.985,UP,1,True,>0.96
1368116,45,0.995,UP,1,True,>0.96
1368117,45,0.925,UP,1,True,0.90-0.93
1368122,42,0.94,UP,1,True,0.93-0.96
1368125,46,0.945,UP,1,True,0.93-0.96
1368128,45,0.925,UP,1,True,0.90-0.93
1368129,42,0.975,DOWN,0,True,>0.96
1368130,41,0.975,UP,1,True,>0.96
1368132,48,0.995,UP,1,True,>0.96
1368136,42,0.965,DOWN,0,True,>0.96
1368138,46,0.93,UP,1,True,0.90-0.93
1368140,46,0.935,UP,1,True,0.93-0.96
1368163,46,0.965,UP,1,True,>0.96
1368167,48,0.985,DOWN,0,True,>0.96
1368168,48,0.965,DOWN,0,True,>0.96
1368173,47,0.92,DOWN,0,True,0.90-0.93
1368358,45,0.95,DOWN,0,True,0.93-0.96
1368364,48,0.98,UP,1,True,>0.96
1368396,43,0.995,DOWN,0,True,>0.96
1368403,33,0.91,UP,1,True,0.90-0.93
1368423,31,0.95,UP,1,True,0.93-0.96
1368427,44,0.905,UP,1,True,0.90-0.93
1368438,45,0.965,DOWN,0,True,>0.96
1368498,44,0.9945,DOWN,0,True,>0.96
1368500,32,0.915,UP,1,True,0.90-0.93
1368563,46,0.985,DOWN,0,True,>0.96
1368577,45,0.905,UP,1,True,0.90-0.93
1368583,48,0.92,UP,1,True,0.90-0.93
1368604,48,0.995,UP,1,True,>0.96
1368607,48,0.985,UP,1,True,>0.96
1368625,48,0.995,UP,1,True,>0.96
1368630,48,0.915,DOWN,0,True,0.90-0.93
1368637,46,0.995,DOWN,0,True,>0.96
1368639,46,0.925,DOWN,0,True,0.90-0.93
1368640,45,0.985,DOWN,0,True,>0.96
1368646,34,0.955,UP,1,True,0.93-0.96
1368654,44,0.9525,DOWN,0,True,0.93-0.96
1368656,47,0.945,UP,1,True,0.93-0.96
1368727,43,0.985,UP,1,True,>0.96
1368737,44,0.99,UP,1,True,>0.96
1368766,43,0.91,DOWN,0,True,0.90-0.93
1368795,48,0.975,UP,1,True,>0.96
1368827,43,0.985,UP,1,True,>0.96
1368831,47,0.92,DOWN,0,True,0.90-0.93
1368859,45,0.915,UP,1,True,0.90-0.93
1368868,49,0.935,UP,1,True,0.93-0.96
1368877,38,0.91,UP,1,True,0.90-0.93
1369042,47,0.945,DOWN,0,True,0.93-0.96
1369047,43,0.975,DOWN,0,True,>0.96
1369081,44,0.985,UP,1,True,>0.96
1369085,45,0.985,DOWN,0,True,>0.96
1369087,41,0.995,UP,1,True,>0.96
1369156,44,0.925,UP,1,True,0.90-0.93
1369157,45,0.985,DOWN,0,True,>0.96
1369186,46,0.925,UP,1,True,0.90-0.93
1369193,44,0.975,UP,1,True,>0.96
1369201,43,0.945,UP,1,True,0.93-0.96
1369325,46,0.985,DOWN,0,True,>0.96
1369329,46,0.975,UP,1,True,>0.96
1369336,42,0.995,DOWN,0,True,>0.96
1369343,46,0.965,UP,1,True,>0.96
1369347,48,0.915,UP,1,True,0.90-0.93
1369349,44,0.975,UP,1,True,>0.96
1369354,46,0.975,UP,1,True,>0.96
1369359,46,0.995,DOWN,0,True,>0.96
1369369,45,0.91,DOWN,0,True,0.90-0.93
1369375,46,0.945,UP,1,True,0.93-0.96
1369436,46,0.91,DOWN,0,True,0.90-0.93
1369443,31,0.995,UP,1,True,>0.96
1369449,43,0.98,UP,1,True,>0.96
1369457,47,0.99,DOWN,0,True,>0.96
1369480,48,0.985,UP,1,True,>0.96
1369484,47,0.94,DOWN,0,True,0.93-0.96
1369662,47,0.985,UP,1,True,>0.96
1369678,46,0.9945,UP,1,True,>0.96
1369686,47,0.895,UP,1,True,0.88-0.90
1369701,32,0.955,DOWN,0,True,0.93-0.96
1369705,46,0.945,UP,1,True,0.93-0.96
1369819,44,0.995,UP,1,True,>0.96
1369826,16,0.93,DOWN,0,True,0.90-0.93
1369844,48,0.965,UP,1,True,>0.96
1369849,45,0.99,UP,1,True,>0.96
1369854,44,0.94,UP,1,True,0.93-0.96
1369858,41,0.965,DOWN,0,True,>0.96
1369994,47,0.885,DOWN,0,True,0.88-0.90
1370005,46,0.985,DOWN,0,True,>0.96
1370034,48,0.985,UP,1,True,>0.96
1370139,46,0.985,UP,1,True,>0.96
1370350,45,0.965,UP,1,True,>0.96
1370380,42,0.985,UP,1,True,>0.96
1370397,46,0.925,DOWN,0,True,0.90-0.93
1370447,41,0.945,DOWN,0,True,0.93-0.96
1370458,34,0.955,DOWN,0,True,0.93-0.96
1370764,43,0.975,DOWN,0,True,>0.96
1370767,43,0.915,UP,1,True,0.90-0.93
1370928,41,0.94,DOWN,0,True,0.93-0.96
1371217,44,0.915,UP,1,True,0.90-0.93
1371222,46,0.925,UP,1,True,0.90-0.93
1371255,46,0.915,DOWN,0,True,0.90-0.93
1371295,46,0.955,DOWN,0,True,0.93-0.96
1371342,45,0.915,UP,1,True,0.90-0.93
1371346,45,0.955,DOWN,0,True,0.93-0.96
1371361,44,0.92,DOWN,0,True,0.90-0.93
1371368,45,0.915,UP,1,True,0.90-0.93
1371404,45,0.935,DOWN,0,True,0.93-0.96
1371410,43,0.945,UP,1,True,0.93-0.96
1371421,43,0.905,DOWN,0,True,0.90-0.93
1371423,45,0.975,DOWN,0,True,>0.96
1371500,45,0.965,UP,1,True,>0.96
1371508,46,0.95,UP,1,True,0.93-0.96
1371510,43,0.935,UP,1,True,0.93-0.96
1371547,48,0.965,DOWN,0,True,>0.96
1371551,44,0.975,DOWN,0,True,>0.96
1371552,43,0.935,UP,1,True,0.93-0.96
1371558,46,0.935,DOWN,0,True,0.93-0.96
1371665,42,0.985,DOWN,0,True,>0.96
1371667,44,0.975,UP,1,True,>0.96
1371675,45,0.995,UP,1,True,>0.96
1371680,45,0.965,DOWN,0,True,>0.96
1371681,42,0.895,UP,1,True,0.88-0.90
1371682,45,0.97,DOWN,0,True,>0.96
1371684,39,0.94,UP,1,True,0.93-0.96
1371688,43,0.975,UP,1,True,>0.96
1371694,46,0.945,UP,1,True,0.93-0.96
1371703,46,0.905,UP,1,True,0.90-0.93
1371704,37,0.955,DOWN,0,True,0.93-0.96
1371709,43,0.96,UP,1,True,0.93-0.96
1371714,44,0.97,UP,1,True,>0.96
1371717,44,0.93,DOWN,0,True,0.90-0.93
1371721,47,0.985,UP,1,True,>0.96
1371727,44,0.995,UP,1,True,>0.96
1371748,43,0.895,DOWN,0,True,0.88-0.90
1371754,47,0.995,UP,1,True,>0.96
1371760,46,0.97,UP,1,True,>0.96
1371789,47,0.905,DOWN,0,True,0.90-0.93
1371795,46,0.985,UP,1,True,>0.96
1371800,47,0.99,UP,1,True,>0.96
1371811,47,0.995,UP,1,True,>0.96
1371826,41,0.985,UP,1,True,>0.96
1371838,46,0.955,DOWN,0,True,0.93-0.96
1371845,45,0.98,DOWN,0,True,>0.96
1371850,43,0.985,DOWN,0,True,>0.96
1371867,46,0.93,UP,1,True,0.90-0.93
1371869,44,0.955,UP,1,True,0.93-0.96
1371874,45,0.91,UP,1,True,0.90-0.93
1371886,43,0.965,DOWN,0,True,>0.96
1371909,44,0.94,DOWN,0,True,0.93-0.96
1371916,46,0.945,UP,1,True,0.93-0.96
1371920,42,0.915,DOWN,0,True,0.90-0.93
1372134,46,0.95,UP,1,True,0.93-0.96
1372136,46,0.895,UP,1,True,0.88-0.90
1372140,43,0.975,UP,1,True,>0.96
1372142,47,0.985,UP,1,True,>0.96
1372145,37,0.925,DOWN,0,True,0.90-0.93
1372151,46,0.975,UP,1,True,>0.96
1372158,47,0.955,DOWN,0,True,0.93-0.96
1372173,48,0.925,UP,1,True,0.90-0.93
1372179,41,0.92,UP,1,True,0.90-0.93
1372370,47,0.965,DOWN,0,True,>0.96
1372375,43,0.915,DOWN,0,True,0.90-0.93
1372376,43,0.98,DOWN,0,True,>0.96
1372381,43,0.92,UP,1,True,0.90-0.93
1372391,45,0.995,DOWN,0,True,>0.96
1372402,44,0.995,DOWN,0,True,>0.96
1372528,47,0.945,UP,1,True,0.93-0.96
1372530,45,0.925,UP,1,True,0.90-0.93
1372535,43,0.985,DOWN,0,True,>0.96
1372539,48,0.945,DOWN,0,True,0.93-0.96
1372559,40,0.965,DOWN,0,True,>0.96
1372564,41,0.985,UP,1,True,>0.96
1372568,33,0.93,UP,1,True,0.90-0.93
1372574,42,0.975,UP,1,True,>0.96
1372577,45,0.93,DOWN,0,True,0.90-0.93
1372707,41,0.955,UP,1,True,0.93-0.96
1372718,43,0.92,DOWN,0,True,0.90-0.93
1372719,42,0.92,UP,1,True,0.90-0.93
1372725,40,0.895,DOWN,0,True,0.88-0.90
1372770,47,0.975,UP,1,True,>0.96
1372776,41,0.935,UP,1,True,0.93-0.96
1372780,44,0.915,DOWN,0,True,0.90-0.93
1372795,43,0.975,UP,1,True,>0.96
1373099,44,0.915,UP,1,True,0.90-0.93
1373108,44,0.885,DOWN,0,True,0.88-0.90
1373111,43,0.985,UP,1,True,>0.96
1373114,46,0.945,UP,1,True,0.93-0.96
1373166,45,0.965,DOWN,0,True,>0.96
1373295,46,0.925,DOWN,0,True,0.90-0.93
1373330,43,0.995,DOWN,0,True,>0.96
1373336,45,0.975,DOWN,0,True,>0.96
1373446,45,0.955,UP,1,True,0.93-0.96
1373464,47,0.985,UP,1,True,>0.96
1373483,47,0.935,UP,1,True,0.93-0.96
1373632,45,0.945,DOWN,0,True,0.93-0.96
1373638,46,0.975,UP,1,True,>0.96
1373640,41,0.945,DOWN,0,True,0.93-0.96
1373646,38,0.91,UP,1,True,0.90-0.93
1373663,41,0.92,DOWN,0,True,0.90-0.93
1373731,41,0.945,UP,1,True,0.93-0.96
1373776,44,0.94,UP,1,True,0.93-0.96
1373799,46,0.975,UP,1,True,>0.96
1373910,44,0.91,UP,1,True,0.90-0.93
1373915,46,0.955,DOWN,0,True,0.93-0.96
1373916,46,0.915,DOWN,0,True,0.90-0.93
1373985,46,0.895,UP,1,True,0.88-0.90
1374037,46,0.915,UP,1,True,0.90-0.93
1374041,28,0.915,DOWN,0,True,0.90-0.93
1374109,45,0.94,UP,1,True,0.93-0.96
1374128,45,0.885,UP,1,True,0.88-0.90
1374335,46,0.995,UP,1,True,>0.96
1374343,41,0.91,DOWN,0,True,0.90-0.93
1374349,47,0.91,DOWN,0,True,0.90-0.93
1374458,47,0.985,DOWN,0,True,>0.96
1374459,46,0.915,UP,1,True,0.90-0.93
1374496,44,0.965,UP,1,True,>0.96
1374509,48,0.94,DOWN,0,True,0.93-0.96
1374548,44,0.93,UP,1,True,0.90-0.93
1374555,46,0.93,UP,1,True,0.90-0.93
1374846,47,0.955,DOWN,0,True,0.93-0.96
1375137,45,0.945,DOWN,0,True,0.93-0.96
1375143,45,0.945,DOWN,0,True,0.93-0.96
1375163,46,0.95,UP,1,True,0.93-0.96
1375172,47,0.945,UP,1,True,0.93-0.96
1375176,32,0.975,DOWN,0,True,>0.96
1375179,45,0.9985,DOWN,0,True,>0.96
1375181,40,0.945,DOWN,0,True,0.93-0.96
1375187,47,0.925,UP,1,True,0.90-0.93
1375188,45,0.98,DOWN,0,True,>0.96
1375191,44,0.925,UP,1,True,0.90-0.93
1375194,48,0.915,UP,1,True,0.90-0.93
1375200,47,0.985,UP,1,True,>0.96
1375203,43,0.885,DOWN,0,True,0.88-0.90
1375206,33,0.995,DOWN,0,True,>0.96
1375207,47,0.935,UP,1,True,0.93-0.96
1375209,46,0.935,UP,1,True,0.93-0.96
1375213,48,0.935,DOWN,0,True,0.93-0.96
1375219,44,0.93,DOWN,0,True,0.90-0.93
1375297,46,0.935,DOWN,0,True,0.93-0.96
1375302,47,0.935,UP,1,True,0.93-0.96
1375310,33,0.935,DOWN,0,True,0.93-0.96
1375314,48,0.9955,UP,1,True,>0.96
1375373,42,0.915,UP,1,True,0.90-0.93
1375375,37,0.91,UP,1,True,0.90-0.93
1375379,45,0.965,UP,1,True,>0.96
1375380,35,0.985,UP,1,True,>0.96
1375382,30,0.955,DOWN,0,True,0.93-0.96
1375386,47,0.955,DOWN,0,True,0.93-0.96
1375416,44,0.985,UP,1,True,>0.96
1375418,47,0.94,DOWN,0,True,0.93-0.96
1375422,28,0.93,UP,1,True,0.90-0.93
1375425,34,0.965,DOWN,0,True,>0.96
1375821,46,0.975,UP,1,True,>0.96
1375822,47,0.91,DOWN,0,True,0.90-0.93
1375823,45,0.995,UP,1,True,>0.96
1375828,36,0.945,DOWN,0,True,0.93-0.96
1375833,46,0.965,UP,1,True,>0.96
1375835,48,0.985,DOWN,0,True,>0.96
1375836,48,0.95,UP,1,True,0.93-0.96
1376119,48,0.91,DOWN,0,True,0.90-0.93
1376154,48,0.95,UP,1,True,0.93-0.96
1376158,46,0.95,UP,1,True,0.93-0.96
1376167,46,0.945,UP,1,True,0.93-0.96
1376220,44,0.97,DOWN,0,True,>0.96
1376221,47,0.935,UP,1,True,0.93-0.96
1376223,34,0.955,UP,1,True,0.93-0.96
1376232,38,0.965,UP,1,True,>0.96
1376235,33,0.945,UP,1,True,0.93-0.96
1376294,43,0.965,UP,1,True,>0.96
1376304,45,0.985,DOWN,0,True,>0.96
1376307,44,0.92,UP,1,True,0.90-0.93
1376327,47,0.995,DOWN,0,True,>0.96
1376333,48,0.995,DOWN,0,True,>0.96
1376347,47,0.955,UP,1,True,0.93-0.96
1376351,47,0.915,UP,1,True,0.90-0.93
1376416,46,0.955,UP,1,True,0.93-0.96
1376425,41,0.985,UP,1,True,>0.96
1376437,41,0.945,UP,1,True,0.93-0.96
1376439,46,0.945,DOWN,0,True,0.93-0.96
1376445,47,0.915,DOWN,0,True,0.90-0.93
1376460,47,0.975,DOWN,0,True,>0.96
1376491,46,0.985,DOWN,0,True,>0.96
1376503,45,0.985,UP,1,True,>0.96
1376508,44,0.935,DOWN,0,True,0.93-0.96
1376513,31,0.975,DOWN,0,True,>0.96
1376517,30,0.94,UP,1,True,0.93-0.96
1376518,34,0.935,UP,1,True,0.93-0.96
1376672,46,0.98,DOWN,0,True,>0.96
1376679,44,0.955,UP,1,True,0.93-0.96
1376683,41,0.93,DOWN,0,True,0.90-0.93
1376698,43,0.91,DOWN,0,True,0.90-0.93
1376709,43,0.94,DOWN,0,True,0.93-0.96
1376780,40,0.96,DOWN,0,True,0.93-0.96
1376782,45,0.945,DOWN,0,True,0.93-0.96
1376783,44,0.92,DOWN,0,True,0.90-0.93
1376789,47,0.93,UP,1,True,0.90-0.93
1376796,42,0.98,DOWN,0,True,>0.96
1376797,42,0.935,UP,1,True,0.93-0.96
1376799,45,0.98,DOWN,0,True,>0.96
1376803,44,0.97,DOWN,0,True,>0.96
1376832,46,0.975,DOWN,0,True,>0.96
1376850,42,0.975,UP,1,True,>0.96
1376856,45,0.985,DOWN,0,True,>0.96
1376863,28,0.975,DOWN,0,True,>0.96
1376878,42,0.96,UP,1,True,0.93-0.96
1376976,44,0.905,UP,1,True,0.90-0.93
1377008,33,0.975,UP,1,True,>0.96
1377130,46,0.995,DOWN,0,True,>0.96
1377152,44,0.895,UP,1,True,0.88-0.90
1377164,44,0.975,DOWN,0,True,>0.96
1377389,47,0.985,UP,1,True,>0.96
1377398,32,0.995,DOWN,0,True,>0.96
1377399,47,0.885,UP,1,True,0.88-0.90
1377404,46,0.885,UP,1,True,0.88-0.90
1377437,45,0.985,UP,1,True,>0.96
1377673,46,0.92,DOWN,0,True,0.90-0.93
1377736,47,0.955,DOWN,0,True,0.93-0.96
1377744,43,0.995,DOWN,0,True,>0.96
1377754,31,0.995,UP,1,True,>0.96
1378195,45,0.945,DOWN,0,True,0.93-0.96
1378201,39,0.985,UP,1,True,>0.96
1378226,40,0.955,DOWN,0,True,0.93-0.96
1378236,34,0.935,UP,1,True,0.93-0.96
1378259,30,0.995,DOWN,0,True,>0.96
1378297,41,0.935,DOWN,0,True,0.93-0.96
1378322,35,0.995,UP,1,True,>0.96
1378331,47,0.945,DOWN,0,True,0.93-0.96
1378335,35,0.995,UP,1,True,>0.96
1378392,31,0.925,DOWN,0,True,0.90-0.93
1378397,43,0.985,UP,1,True,>0.96
1378399,40,0.975,DOWN,0,True,>0.96
1378404,42,0.93,UP,1,True,0.90-0.93
1378414,45,0.97,UP,1,True,>0.96
1378495,46,0.91,UP,1,True,0.90-0.93
1378501,45,0.995,UP,1,True,>0.96
1378540,47,0.945,UP,1,True,0.93-0.96
1378543,43,0.955,DOWN,0,True,0.93-0.96
1378544,45,0.92,DOWN,0,True,0.90-0.93
1378555,44,0.895,UP,1,True,0.88-0.90
1378667,43,0.915,UP,1,True,0.90-0.93
1378673,47,0.91,DOWN,0,True,0.90-0.93
1378676,45,0.96,UP,1,True,0.93-0.96
1378683,47,0.935,UP,1,True,0.93-0.96
1378690,44,0.94,UP,1,True,0.93-0.96
1378697,42,0.925,UP,1,True,0.90-0.93
1378830,47,0.995,DOWN,0,True,>0.96
1378836,45,0.97,DOWN,0,True,>0.96
1378840,44,0.985,UP,1,True,>0.96
1378886,40,0.975,UP,1,True,>0.96
1378900,45,0.945,DOWN,0,True,0.93-0.96
1378907,47,0.94,UP,1,True,0.93-0.96
1379422,45,0.92,UP,1,True,0.90-0.93
1379426,44,0.945,UP,1,True,0.93-0.96
1379438,48,0.92,UP,1,True,0.90-0.93
1379446,45,0.94,UP,1,True,0.93-0.96
1379450,46,0.955,UP,1,True,0.93-0.96
1379463,44,0.895,DOWN,0,True,0.88-0.90
1379469,46,0.955,UP,1,True,0.93-0.96
1379474,45,0.975,DOWN,0,True,>0.96
1379480,43,0.975,DOWN,0,True,>0.96
1379485,44,0.905,DOWN,0,True,0.90-0.93
1379488,41,0.945,UP,1,True,0.93-0.96
1379509,33,0.965,UP,1,True,>0.96
1379516,45,0.975,DOWN,0,True,>0.96
1379521,44,0.925,DOWN,0,True,0.90-0.93
1379552,47,0.985,DOWN,0,True,>0.96
1379641,44,0.975,UP,1,True,>0.96
1379648,46,0.895,DOWN,0,True,0.88-0.90
1379699,43,0.955,DOWN,0,True,0.93-0.96
1379706,46,0.945,UP,1,True,0.93-0.96
1379724,46,0.995,UP,1,True,>0.96
1379727,46,0.955,UP,1,True,0.93-0.96
1379733,44,0.995,UP,1,True,>0.96
1379734,42,0.925,UP,1,True,0.90-0.93
1379802,31,0.965,DOWN,0,True,>0.96
1379805,44,0.905,DOWN,0,True,0.90-0.93
1379807,30,0.955,UP,1,True,0.93-0.96
1379811,45,0.965,UP,1,True,>0.96
1380065,42,0.995,DOWN,0,True,>0.96
1380073,47,0.965,DOWN,0,True,>0.96
1380078,46,0.905,UP,1,True,0.90-0.93
1380079,16,0.975,DOWN,0,True,>0.96
1380085,36,0.93,UP,1,True,0.90-0.93
1380091,48,0.955,DOWN,0,True,0.93-0.96
1380095,22,0.925,UP,1,True,0.90-0.93
1380098,47,0.925,UP,1,True,0.90-0.93
1380466,47,0.925,UP,1,True,0.90-0.93
1380470,42,0.95,DOWN,0,True,0.93-0.96
1380471,29,0.945,DOWN,0,True,0.93-0.96
1380472,30,0.905,DOWN,0,True,0.90-0.93
1380479,14,0.995,UP,1,True,>0.96
1380487,30,0.995,DOWN,0,True,>0.96
1380552,47,0.955,UP,1,True,0.93-0.96
1380553,46,0.995,DOWN,0,True,>0.96
1380558,47,0.995,UP,1,True,>0.96
1380559,47,0.975,UP,1,True,>0.96
1380632,47,0.945,UP,1,True,0.93-0.96
1380659,42,0.955,UP,1,True,0.93-0.96
1380736,46,0.96,UP,1,True,0.93-0.96
1380745,33,0.995,DOWN,0,True,>0.96
1380756,45,0.995,UP,1,True,>0.96
1380762,43,0.935,UP,1,True,0.93-0.96
1380784,43,0.93,UP,1,True,0.90-0.93
1380863,44,0.925,UP,1,True,0.90-0.93
1380876,21,0.95,DOWN,0,True,0.93-0.96
1380884,30,0.995,DOWN,0,True,>0.96
1380888,45,0.995,UP,1,True,>0.96
1380901,43,0.93,UP,1,True,0.90-0.93
1380904,47,0.94,DOWN,0,True,0.93-0.96
1380907,45,0.925,DOWN,0,True,0.90-0.93
1380963,35,0.945,DOWN,0,True,0.93-0.96
1380975,43,0.935,DOWN,0,True,0.93-0.96
1380984,47,0.975,DOWN,0,True,>0.96
1380998,44,0.955,UP,1,True,0.93-0.96
1381007,34,0.98,UP,1,True,>0.96
1381190,42,0.9955,DOWN,0,True,>0.96
1381199,42,0.91,UP,1,True,0.90-0.93
1381201,46,0.995,DOWN,0,True,>0.96
1381202,47,0.995,UP,1,True,>0.96
1381209,43,0.955,DOWN,0,True,0.93-0.96
1381212,42,0.925,UP,1,True,0.90-0.93
1381215,28,0.96,UP,1,True,0.93-0.96
1381391,44,0.895,UP,1,True,0.88-0.90
1381397,45,0.885,DOWN,0,True,0.88-0.90
1381400,41,0.945,DOWN,0,True,0.93-0.96
1381404,46,0.915,UP,1,True,0.90-0.93
1381446,46,0.9995,UP,1,True,>0.96
1381448,44,0.985,DOWN,0,True,>0.96
1381453,45,0.965,DOWN,0,True,>0.96
1381460,45,0.985,UP,1,True,>0.96
1381518,48,0.995,UP,1,True,>0.96
1381526,33,0.885,DOWN,0,True,0.88-0.90
1381527,29,0.955,DOWN,0,True,0.93-0.96
1381528,45,0.905,UP,1,True,0.90-0.93
1381533,44,0.985,DOWN,0,True,>0.96
1381534,30,0.995,DOWN,0,True,>0.96
1381536,43,0.905,UP,1,True,0.90-0.93
1381541,42,0.985,DOWN,0,True,>0.96
1381580,43,0.96,UP,1,True,0.93-0.96
1381595,43,0.935,UP,1,True,0.93-0.96
1381653,45,0.955,DOWN,0,True,0.93-0.96
1381654,47,0.935,UP,1,True,0.93-0.96
1381665,46,0.91,UP,1,True,0.90-0.93
1381672,44,0.96,DOWN,0,True,0.93-0.96
1381960,38,0.985,UP,1,True,>0.96
1382039,43,0.995,DOWN,0,True,>0.96
1382064,43,0.935,UP,1,True,0.93-0.96
1382083,31,0.925,DOWN,0,True,0.90-0.93
1382097,28,0.935,DOWN,0,True,0.93-0.96
1382102,33,0.96,UP,1,True,0.93-0.96
1382205,45,0.945,UP,1,True,0.93-0.96
1382212,45,0.925,DOWN,0,True,0.90-0.93
1382224,42,0.945,UP,1,True,0.93-0.96
1382226,35,0.96,UP,1,True,0.93-0.96
1382230,45,0.925,DOWN,0,True,0.90-0.93
1382410,40,0.92,DOWN,0,True,0.90-0.93
1382428,45,0.925,DOWN,0,True,0.90-0.93
1382434,44,0.985,UP,1,True,>0.96
1382496,45,0.995,UP,1,True,>0.96
1382502,42,0.965,UP,1,True,>0.96
1382532,46,0.955,DOWN,0,True,0.93-0.96
1382894,47,0.965,UP,1,True,>0.96
1382936,35,0.965,DOWN,0,True,>0.96
1382944,47,0.995,DOWN,0,True,>0.96
1382959,42,0.955,DOWN,0,True,0.93-0.96
1382975,47,0.985,DOWN,0,True,>0.96
1382981,42,0.935,UP,1,True,0.93-0.96
1382990,41,0.965,UP,1,True,>0.96
1383036,43,0.91,UP,1,True,0.90-0.93
1383039,29,0.92,DOWN,0,True,0.90-0.93
1383110,41,0.93,UP,1,True,0.90-0.93
1383113,45,0.965,UP,1,True,>0.96
1383119,45,0.945,UP,1,True,0.93-0.96
1383126,43,0.975,DOWN,0,True,>0.96
1383145,46,0.985,UP,1,True,>0.96
1383151,46,0.96,UP,1,True,0.93-0.96
1383224,42,0.945,UP,1,True,0.93-0.96
1383231,44,0.935,DOWN,0,True,0.93-0.96
1383236,43,0.89,UP,1,True,0.88-0.90
1383239,44,0.92,UP,1,True,0.90-0.93
1383244,25,0.92,UP,1,True,0.90-0.93
1383332,31,0.985,UP,1,True,>0.96
1383352,41,0.955,UP,1,True,0.93-0.96
1383365,46,0.91,DOWN,0,True,0.90-0.93
1383421,44,0.935,UP,1,True,0.93-0.96
1383466,41,0.96,DOWN,0,True,0.93-0.96
1383474,45,0.995,UP,1,True,>0.96
1383585,44,0.955,DOWN,0,True,0.93-0.96
1383594,45,0.995,DOWN,0,True,>0.96
1383644,44,0.935,UP,1,True,0.93-0.96
1383666,43,0.985,UP,1,True,>0.96
1383677,45,0.945,DOWN,0,True,0.93-0.96
1383678,42,0.915,DOWN,0,True,0.90-0.93
1383702,45,0.93,DOWN,0,True,0.90-0.93
1383709,46,0.995,DOWN,0,True,>0.96
1383718,46,0.995,DOWN,0,True,>0.96
1383728,43,0.955,UP,1,True,0.93-0.96
1383729,45,0.995,UP,1,True,>0.96
1383736,42,0.935,DOWN,0,True,0.93-0.96
1383742,46,0.965,DOWN,0,True,>0.96
1383758,32,0.965,DOWN,0,True,>0.96
1383807,41,0.95,DOWN,0,True,0.93-0.96
1383814,34,0.965,UP,1,True,>0.96
1383844,44,0.935,DOWN,0,True,0.93-0.96
1383903,45,0.955,DOWN,0,True,0.93-0.96
1383904,46,0.975,UP,1,True,>0.96
1383911,46,0.99,UP,1,True,>0.96
1383932,47,0.975,DOWN,0,True,>0.96
1383934,44,0.995,DOWN,0,True,>0.96
1383942,32,0.915,UP,1,True,0.90-0.93
1383945,39,0.94,DOWN,0,True,0.93-0.96
1384114,42,0.925,UP,1,True,0.90-0.93
1384132,29,0.995,DOWN,0,True,>0.96
1384139,40,0.995,DOWN,0,True,>0.96
1384147,41,0.97,DOWN,0,True,>0.96
1384149,45,0.945,UP,1,True,0.93-0.96
1384151,42,0.945,UP,1,True,0.93-0.96
1384155,40,0.915,UP,1,True,0.90-0.93
1384369,42,0.945,UP,1,True,0.93-0.96
1384377,41,0.975,UP,1,True,>0.96
1384386,45,0.925,DOWN,0,True,0.90-0.93
1384390,41,0.945,UP,1,True,0.93-0.96
1384469,39,0.91,DOWN,0,True,0.90-0.93
1384565,44,0.945,DOWN,0,True,0.93-0.96
1384566,46,0.945,UP,1,True,0.93-0.96
1384573,42,0.975,DOWN,0,True,>0.96
1384579,41,0.995,UP,1,True,>0.96
1384628,45,0.925,DOWN,0,True,0.90-0.93
1384632,45,0.915,UP,1,True,0.90-0.93
1384637,45,0.915,UP,1,True,0.90-0.93
1384639,44,0.97,DOWN,0,True,>0.96
1384644,43,0.945,UP,1,True,0.93-0.96
1384654,45,0.975,DOWN,0,True,>0.96
1384661,42,0.945,DOWN,0,True,0.93-0.96
1384681,46,0.975,UP,1,True,>0.96
1384707,44,0.95,DOWN,0,True,0.93-0.96
1384708,45,0.975,DOWN,0,True,>0.96
1384710,44,0.96,DOWN,0,True,0.93-0.96
1384714,41,0.915,DOWN,0,True,0.90-0.93
1384729,45,0.975,UP,1,True,>0.96
1384792,44,0.965,DOWN,0,True,>0.96
1384797,36,0.975,DOWN,0,True,>0.96
1384798,44,0.95,UP,1,True,0.93-0.96
1384806,42,0.975,DOWN,0,True,>0.96
1384809,43,0.915,UP,1,True,0.90-0.93
1384812,41,0.925,DOWN,0,True,0.90-0.93
1385007,31,0.975,UP,1,True,>0.96
1385021,41,0.955,DOWN,0,True,0.93-0.96
1385143,46,0.94,UP,1,True,0.93-0.96
1385146,41,0.995,UP,1,True,>0.96
1385155,43,0.925,UP,1,True,0.90-0.93
1385161,42,0.985,UP,1,True,>0.96
1385164,44,0.925,DOWN,0,True,0.90-0.93
1385182,42,0.995,DOWN,0,True,>0.96
1385185,45,0.985,DOWN,0,True,>0.96
1385210,44,0.935,UP,1,True,0.93-0.96
1385211,46,0.945,UP,1,True,0.93-0.96
1385213,23,0.935,DOWN,0,True,0.93-0.96
1385217,44,0.995,UP,1,True,>0.96
1385219,44,0.995,DOWN,0,True,>0.96
1385221,45,0.985,DOWN,0,True,>0.96
1385225,41,0.92,UP,1,True,0.90-0.93
1385232,42,0.975,UP,1,True,>0.96
1385287,41,0.985,DOWN,0,True,>0.96
1385368,40,0.95,DOWN,0,True,0.93-0.96
1385374,42,0.995,DOWN,0,True,>0.96
1385412,41,0.945,UP,1,True,0.93-0.96
1385418,43,0.995,DOWN,0,True,>0.96
1385419,46,0.975,DOWN,0,True,>0.96
1385441,29,0.995,DOWN,0,True,>0.96
1385576,43,0.985,UP,1,True,>0.96
1385591,38,0.995,UP,1,True,>0.96
1385592,39,0.98,DOWN,0,True,>0.96
1385619,32,0.965,DOWN,0,True,>0.96
1385626,43,0.945,DOWN,0,True,0.93-0.96
1385639,42,0.975,UP,1,True,>0.96
1385660,40,0.91,UP,1,True,0.90-0.93
1385662,45,0.985,UP,1,True,>0.96
1385666,46,0.945,UP,1,True,0.93-0.96
1385695,43,0.995,UP,1,True,>0.96
1385749,42,0.925,UP,1,True,0.90-0.93
1385755,43,0.995,DOWN,0,True,>0.96
1385808,42,0.975,DOWN,0,True,>0.96
1385881,29,0.995,UP,1,True,>0.96
1385884,42,0.955,UP,1,True,0.93-0.96
1385885,40,0.995,DOWN,0,True,>0.96
1385890,42,0.945,DOWN,0,True,0.93-0.96
1386129,45,0.985,DOWN,0,True,>0.96
1386143,43,0.905,UP,1,True,0.90-0.93
1386204,46,0.995,DOWN,0,True,>0.96
1386205,38,0.955,UP,1,True,0.93-0.96
1386215,44,0.925,DOWN,0,True,0.90-0.93
1386261,43,0.985,UP,1,True,>0.96
1386266,45,0.985,DOWN,0,True,>0.96
1386271,40,0.91,DOWN,0,True,0.90-0.93
1386276,45,0.98,UP,1,True,>0.96
1386468,46,0.905,UP,1,True,0.90-0.93
1386490,29,0.985,UP,1,True,>0.96
1386495,26,0.975,DOWN,0,True,>0.96
1386507,44,0.9995,UP,1,True,>0.96
1386528,42,0.985,UP,1,True,>0.96
1386542,47,0.985,UP,1,True,>0.96
1386545,40,0.975,DOWN,0,True,>0.96
1386554,46,0.91,UP,1,True,0.90-0.93
1386580,1,0.995,UP,1,True,>0.96
1386587,41,0.915,DOWN,0,True,0.90-0.93
1386607,46,0.995,DOWN,0,True,>0.96
1386620,46,0.995,UP,1,True,>0.96
1386633,44,0.985,DOWN,0,True,>0.96
1386660,46,0.975,DOWN,0,True,>0.96
1386764,41,0.945,DOWN,0,True,0.93-0.96
1386782,43,0.995,DOWN,0,True,>0.96
1386797,44,0.985,UP,1,True,>0.96
1386802,44,0.995,DOWN,0,True,>0.96
1386804,44,0.945,DOWN,0,True,0.93-0.96
1386805,45,0.995,UP,1,True,>0.96
1386857,39,0.995,UP,1,True,>0.96
1386859,45,0.94,DOWN,0,True,0.93-0.96
1386863,47,0.935,DOWN,0,True,0.93-0.96
1386907,46,0.95,UP,1,True,0.93-0.96
1386911,44,0.94,UP,1,True,0.93-0.96
1386950,41,0.925,UP,1,True,0.90-0.93
1386957,47,0.945,DOWN,0,True,0.93-0.96
1386998,43,0.93,UP,1,True,0.90-0.93
1387002,46,0.955,DOWN,0,True,0.93-0.96
1387008,43,0.935,DOWN,0,True,0.93-0.96
1387092,43,0.94,DOWN,0,True,0.93-0.96
1387103,41,0.95,DOWN,0,True,0.93-0.96
1387108,42,0.985,UP,1,True,>0.96
1387113,41,0.995,DOWN,0,True,>0.96
1387139,40,0.92,UP,1,True,0.90-0.93
1387315,45,0.915,UP,1,True,0.90-0.93
1387337,42,0.915,DOWN,0,True,0.90-0.93
1387338,42,0.995,UP,1,True,>0.96
1387344,41,0.995,DOWN,0,True,>0.96
1387345,45,0.96,DOWN,0,True,0.93-0.96
1387350,45,0.955,DOWN,0,True,0.93-0.96
1387383,43,0.995,DOWN,0,True,>0.96
1387386,44,0.985,DOWN,0,True,>0.96
1387390,44,0.985,UP,1,True,>0.96
1387391,46,0.995,UP,1,True,>0.96
1387395,30,0.945,DOWN,0,True,0.93-0.96
1387402,41,0.93,UP,1,True,0.90-0.93
1387407,47,0.975,UP,1,True,>0.96
1387413,44,0.96,UP,1,True,0.93-0.96
1387414,45,0.945,DOWN,0,True,0.93-0.96
1387423,41,0.995,UP,1,True,>0.96
1387430,44,0.95,DOWN,0,True,0.93-0.96
1387527,45,0.975,UP,1,True,>0.96
1387561,45,0.955,DOWN,0,True,0.93-0.96
1387563,46,0.935,UP,1,True,0.93-0.96
1387574,46,0.965,UP,1,True,>0.96
1387576,46,0.955,UP,1,True,0.93-0.96
1387581,45,0.935,UP,1,True,0.93-0.96
1387582,46,0.895,DOWN,0,True,0.88-0.90
1387593,47,0.895,DOWN,0,True,0.88-0.90
1387601,40,0.955,DOWN,0,True,0.93-0.96
1387602,46,0.975,UP,1,True,>0.96
1387609,46,0.94,UP,1,True,0.93-0.96
1387620,46,0.945,UP,1,True,0.93-0.96
1387621,44,0.945,UP,1,True,0.93-0.96
1387820,42,0.925,DOWN,0,True,0.90-0.93
1387825,45,0.955,DOWN,0,True,0.93-0.96
1387840,43,0.995,UP,1,True,>0.96
1387846,47,0.92,DOWN,0,True,0.90-0.93
1387847,46,0.995,DOWN,0,True,>0.96
1387854,47,0.995,DOWN,0,True,>0.96
1387859,42,0.905,UP,1,True,0.90-0.93
1387860,47,0.965,DOWN,0,True,>0.96
1387992,47,0.935,UP,1,True,0.93-0.96
1387993,44,0.925,UP,1,True,0.90-0.93
1387994,45,0.955,DOWN,0,True,0.93-0.96
1387999,44,0.975,UP,1,True,>0.96
1388005,43,0.93,DOWN,0,True,0.90-0.93
1388007,46,0.91,UP,1,True,0.90-0.93
1388013,44,0.89,DOWN,0,True,0.88-0.90
1388032,45,0.95,DOWN,0,True,0.93-0.96
1388038,44,0.93,DOWN,0,True,0.90-0.93
1388039,45,0.935,UP,1,True,0.93-0.96
1388041,45,0.905,UP,1,True,0.90-0.93
1388045,44,0.995,UP,1,True,>0.96
1388046,41,0.995,UP,1,True,>0.96
1388050,47,0.995,UP,1,True,>0.96
1388089,45,0.94,DOWN,0,True,0.93-0.96
1388097,45,0.985,UP,1,True,>0.96
1388113,43,0.945,DOWN,0,True,0.93-0.96
1388116,41,0.94,DOWN,0,True,0.93-0.96
1388119,42,0.995,DOWN,0,True,>0.96
1388126,41,0.96,DOWN,0,True,0.93-0.96
1388138,46,0.925,DOWN,0,True,0.90-0.93
1388144,44,0.955,UP,1,True,0.93-0.96
1388156,41,0.975,UP,1,True,>0.96
1388161,44,0.93,UP,1,True,0.90-0.93
1388164,44,0.945,DOWN,0,True,0.93-0.96
1388167,40,0.92,DOWN,0,True,0.90-0.93
1388182,34,0.93,DOWN,0,True,0.90-0.93
1388185,47,0.95,DOWN,0,True,0.93-0.96
1388189,31,0.975,UP,1,True,>0.96
1388191,44,0.995,DOWN,0,True,>0.96
1388214,44,0.925,DOWN,0,True,0.90-0.93
1388220,45,0.995,DOWN,0,True,>0.96
1388399,44,0.945,DOWN,0,True,0.93-0.96
1388406,43,0.985,DOWN,0,True,>0.96
1388407,30,0.995,UP,1,True,>0.96
1388411,40,0.995,DOWN,0,True,>0.96
1388413,46,0.915,UP,1,True,0.90-0.93
1388414,41,0.975,UP,1,True,>0.96
1388420,45,0.955,UP,1,True,0.93-0.96
1388490,43,0.945,DOWN,0,True,0.93-0.96
1388493,44,0.995,UP,1,True,>0.96
1388496,41,0.995,UP,1,True,>0.96
1388504,42,0.97,DOWN,0,True,>0.96
1388505,42,0.96,UP,1,True,0.93-0.96
1388510,42,0.995,DOWN,0,True,>0.96
1388512,44,0.95,UP,1,True,0.93-0.96
1388513,44,0.96,UP,1,True,0.93-0.96
1388596,46,0.935,DOWN,0,True,0.93-0.96
1388606,47,0.995,UP,1,True,>0.96
1388609,45,0.965,DOWN,0,True,>0.96
1388689,42,0.995,DOWN,0,True,>0.96
1388692,45,0.985,DOWN,0,True,>0.96
1388696,46,0.965,DOWN,0,True,>0.96
1388701,45,0.955,DOWN,0,True,0.93-0.96
1388716,43,0.995,UP,1,True,>0.96
1388718,47,0.95,UP,1,True,0.93-0.96
1388751,43,0.995,DOWN,0,True,>0.96
1388755,43,0.975,UP,1,True,>0.96
1388757,40,0.915,UP,1,True,0.90-0.93
1388761,41,0.95,UP,1,True,0.93-0.96
1388765,46,0.995,DOWN,0,True,>0.96
1388770,45,0.94,UP,1,True,0.93-0.96
1388975,44,0.945,UP,1,True,0.93-0.96
1388986,30,0.985,DOWN,0,True,>0.96
1388995,45,0.965,UP,1,True,>0.96
1389008,28,0.975,UP,1,True,>0.96
1389012,43,0.995,UP,1,True,>0.96
1389015,40,0.945,DOWN,0,True,0.93-0.96
1389059,41,0.995,DOWN,0,True,>0.96
1389065,41,0.995,DOWN,0,True,>0.96
1389073,28,0.965,DOWN,0,True,>0.96
1389084,42,0.965,UP,1,True,>0.96
1389127,41,0.98,UP,1,True,>0.96
1389164,32,0.92,DOWN,0,True,0.90-0.93
1389176,45,0.885,DOWN,0,True,0.88-0.90
1389302,41,0.915,UP,1,True,0.90-0.93
1389327,43,0.995,UP,1,True,>0.96
1389328,15,0.995,DOWN,0,True,>0.96
1389351,45,0.935,DOWN,0,True,0.93-0.96
1389355,44,0.955,UP,1,True,0.93-0.96
1389357,46,0.895,DOWN,0,True,0.88-0.90
1389567,43,0.965,UP,1,True,>0.96
1389630,42,0.885,UP,1,True,0.88-0.90
1389632,43,0.975,DOWN,0,True,>0.96
1389640,44,0.995,DOWN,0,True,>0.96
1389644,43,0.9,UP,1,True,0.88-0.90
1389677,44,0.935,DOWN,0,True,0.93-0.96
1389697,41,0.975,UP,1,True,>0.96
1389722,41,0.915,DOWN,0,True,0.90-0.93
1389735,18,0.985,DOWN,0,True,>0.96
1389736,45,0.995,DOWN,0,True,>0.96
1389738,39,0.92,UP,1,True,0.90-0.93
1389739,39,0.985,UP,1,True,>0.96
1389806,41,0.975,UP,1,True,>0.96
1389825,45,0.93,UP,1,True,0.90-0.93
1389914,45,0.985,UP,1,True,>0.96
1390033,43,0.93,UP,1,True,0.90-0.93
1390038,44,0.995,DOWN,0,True,>0.96
1390092,41,0.935,DOWN,0,True,0.93-0.96
1390099,40,0.955,UP,1,True,0.93-0.96
1390105,27,0.945,UP,1,True,0.93-0.96
1390206,44,0.985,DOWN,0,True,>0.96
1390285,44,0.985,DOWN,0,True,>0.96
1390308,40,0.995,UP,1,True,>0.96
1390312,26,0.985,DOWN,0,True,>0.96
1390384,44,0.965,UP,1,True,>0.96
1390438,41,0.91,DOWN,0,True,0.90-0.93
1390446,43,0.955,UP,1,True,0.93-0.96
1390447,41,0.905,UP,1,True,0.90-0.93
1390528,37,0.93,DOWN,0,True,0.90-0.93
1390539,30,0.905,DOWN,0,True,0.90-0.93
1390544,45,0.995,UP,1,True,>0.96
1390547,42,0.885,UP,1,True,0.88-0.90
1390822,30,0.935,DOWN,0,True,0.93-0.96
1390825,46,0.985,UP,1,True,>0.96
1390826,42,0.995,DOWN,0,True,>0.96
1390828,40,0.92,UP,1,True,0.90-0.93
1390872,39,0.915,DOWN,0,True,0.90-0.93
1390876,39,0.905,UP,1,True,0.90-0.93
1390880,38,0.935,UP,1,True,0.93-0.96
1390919,40,0.94,DOWN,0,True,0.93-0.96
1390947,41,0.94,UP,1,True,0.93-0.96
1390955,44,0.995,UP,1,True,>0.96
1390959,45,0.995,UP,1,True,>0.96
1390962,44,0.995,DOWN,0,True,>0.96
1390965,39,0.97,UP,1,True,>0.96
1391007,42,0.995,DOWN,0,True,>0.96
1391008,39,0.995,UP,1,True,>0.96
1391025,44,0.955,DOWN,0,True,0.93-0.96
1391039,39,0.95,UP,1,True,0.93-0.96
1391043,40,0.92,DOWN,0,True,0.90-0.93
1391046,40,0.995,DOWN,0,True,>0.96
1391062,42,0.995,UP,1,True,>0.96
1391069,44,0.945,DOWN,0,True,0.93-0.96
1391074,44,0.975,UP,1,True,>0.96
1391084,43,0.995,DOWN,0,True,>0.96
1391110,44,0.97,UP,1,True,>0.96
1391134,42,0.995,DOWN,0,True,>0.96
1391138,44,0.965,DOWN,0,True,>0.96
1391141,45,0.995,DOWN,0,True,>0.96
1391174,45,0.905,DOWN,0,True,0.90-0.93
1391178,42,0.935,DOWN,0,True,0.93-0.96
1391330,42,0.915,UP,1,True,0.90-0.93
1391350,43,0.995,DOWN,0,True,>0.96
1391351,41,0.985,UP,1,True,>0.96
1391354,20,0.995,UP,1,True,>0.96
1391357,43,0.995,DOWN,0,True,>0.96
1391364,44,0.985,UP,1,True,>0.96
1391373,44,0.955,UP,1,True,0.93-0.96
1391555,41,0.945,UP,1,True,0.93-0.96
1391563,40,0.925,UP,1,True,0.90-0.93
1391564,43,0.97,UP,1,True,>0.96
1391569,43,0.965,UP,1,True,>0.96
1391580,39,0.945,DOWN,0,True,0.93-0.96
1391588,46,0.935,UP,1,True,0.93-0.96
1391602,39,0.96,DOWN,0,True,0.93-0.96
1391607,46,0.915,DOWN,0,True,0.90-0.93
1391609,44,0.935,DOWN,0,True,0.93-0.96
1391610,46,0.995,UP,1,True,>0.96
1391612,43,0.915,UP,1,True,0.90-0.93
1391616,45,0.935,UP,1,True,0.93-0.96
1391633,43,0.97,UP,1,True,>0.96
1391661,45,0.995,DOWN,0,True,>0.96
1391670,31,0.995,DOWN,0,True,>0.96
1391726,46,0.935,DOWN,0,True,0.93-0.96
1391728,43,0.915,DOWN,0,True,0.90-0.93
1391732,39,0.995,UP,1,True,>0.96
1391858,42,0.89,UP,1,True,0.88-0.90
1391865,45,0.995,UP,1,True,>0.96
1391872,41,0.995,DOWN,0,True,>0.96
1391877,45,0.995,DOWN,0,True,>0.96
1391880,43,0.94,UP,1,True,0.93-0.96
1391898,42,0.96,UP,1,True,0.93-0.96
1391916,43,0.905,DOWN,0,True,0.90-0.93
1391917,40,0.975,DOWN,0,True,>0.96
1392078,46,0.965,UP,1,True,>0.96
1392090,37,0.935,DOWN,0,True,0.93-0.96
1392092,43,0.965,DOWN,0,True,>0.96
1392098,44,0.9975,DOWN,0,True,>0.96
1392105,43,0.9965,DOWN,0,True,>0.96
1392133,43,0.935,DOWN,0,True,0.93-0.96
1392147,45,0.945,UP,1,True,0.93-0.96
1392155,44,0.995,DOWN,0,True,>0.96
1392158,40,0.985,DOWN,0,True,>0.96
1392246,40,0.915,DOWN,0,True,0.90-0.93
1392251,45,0.905,DOWN,0,True,0.90-0.93
1392252,44,0.925,UP,1,True,0.90-0.93
1392258,44,0.955,DOWN,0,True,0.93-0.96
1392266,41,0.955,DOWN,0,True,0.93-0.96
1392267,39,0.995,DOWN,0,True,>0.96
1392273,44,0.965,UP,1,True,>0.96
1392315,42,0.945,DOWN,0,True,0.93-0.96
1392321,44,0.935,UP,1,True,0.93-0.96
1392322,42,0.995,UP,1,True,>0.96
1392327,45,0.975,DOWN,0,True,>0.96
1392328,41,0.975,UP,1,True,>0.96
1392359,44,0.985,DOWN,0,True,>0.96
1392362,6,0.985,DOWN,0,True,>0.96
1392368,40,0.995,UP,1,True,>0.96
1392369,42,0.965,UP,1,True,>0.96
1392371,38,0.945,UP,1,True,0.93-0.96
1392375,44,0.965,UP,1,True,>0.96
1392430,43,0.995,UP,1,True,>0.96
1392434,38,0.905,DOWN,0,True,0.90-0.93
1392435,46,0.995,DOWN,0,True,>0.96
1392439,43,0.925,UP,1,True,0.90-0.93
1392443,43,0.955,DOWN,0,True,0.93-0.96
1392469,45,0.975,DOWN,0,True,>0.96
1392495,43,0.965,UP,1,True,>0.96
1392497,42,0.995,UP,1,True,>0.96
1392499,42,0.925,UP,1,True,0.90-0.93
1392502,40,0.965,DOWN,0,True,>0.96
1392671,39,0.965,UP,1,True,>0.96
1392674,45,0.985,DOWN,0,True,>0.96
1392679,43,0.915,UP,1,True,0.90-0.93
1392769,41,0.925,DOWN,0,True,0.90-0.93
1392839,43,0.945,DOWN,0,True,0.93-0.96
1392842,45,0.995,UP,1,True,>0.96
1392848,45,0.94,DOWN,0,True,0.93-0.96
1392975,41,0.945,DOWN,0,True,0.93-0.96
1392998,42,0.945,UP,1,True,0.93-0.96
1393069,26,0.995,UP,1,True,>0.96
1393075,39,0.995,UP,1,True,>0.96
1393080,42,0.995,DOWN,0,True,>0.96
1393184,39,0.985,UP,1,True,>0.96
1393191,39,0.995,DOWN,0,True,>0.96
1393293,40,0.94,UP,1,True,0.93-0.96
1393302,40,0.995,UP,1,True,>0.96
1393303,44,0.945,UP,1,True,0.93-0.96
1393311,40,0.945,DOWN,0,True,0.93-0.96
1393327,43,0.965,UP,1,True,>0.96
1393367,43,0.935,UP,1,True,0.93-0.96
1393370,39,0.975,DOWN,0,True,>0.96
1393376,40,0.955,UP,1,True,0.93-0.96
1393430,43,0.955,DOWN,0,True,0.93-0.96
1393434,41,0.915,DOWN,0,True,0.90-0.93
1393442,41,0.985,DOWN,0,True,>0.96
1393518,38,0.955,DOWN,0,True,0.93-0.96
1393629,40,0.945,DOWN,0,True,0.93-0.96
1393667,42,0.935,UP,1,True,0.93-0.96
1393706,41,0.965,UP,1,True,>0.96
1393906,40,0.985,DOWN,0,True,>0.96
1394012,43,0.965,UP,1,True,>0.96
1394048,44,0.92,DOWN,0,True,0.90-0.93
1394075,44,0.955,UP,1,True,0.93-0.96
1394103,42,0.965,UP,1,True,>0.96
1394130,40,0.935,UP,1,True,0.93-0.96
1394803,44,0.96,UP,1,True,0.93-0.96
1394847,43,0.935,DOWN,0,True,0.93-0.96
1394937,26,0.975,UP,1,True,>0.96
1394995,38,0.915,DOWN,0,True,0.90-0.93
1395004,44,0.975,UP,1,True,>0.96
1395140,42,0.905,DOWN,0,True,0.90-0.93
1395144,46,0.935,UP,1,True,0.93-0.96
1395155,39,0.965,UP,1,True,>0.96
1395266,41,0.94,DOWN,0,True,0.93-0.96
1395465,36,0.965,UP,1,True,>0.96
1395476,38,0.905,UP,1,True,0.90-0.93
1395482,41,0.93,UP,1,True,0.90-0.93
1395492,42,0.975,UP,1,True,>0.96
1395547,42,0.925,DOWN,0,True,0.90-0.93
1395631,43,0.925,UP,1,True,0.90-0.93
1395644,41,0.995,DOWN,0,True,>0.96
1395698,44,0.905,UP,1,True,0.90-0.93
1395718,37,0.96,UP,1,True,0.93-0.96
1395753,43,0.935,DOWN,0,True,0.93-0.96
1395788,41,0.965,UP,1,True,>0.96
1395801,40,0.975,UP,1,True,>0.96
1395842,27,0.96,DOWN,0,True,0.93-0.96
1395854,45,0.995,DOWN,0,True,>0.96
1395860,39,0.915,DOWN,0,True,0.90-0.93
1395866,44,0.915,UP,1,True,0.90-0.93
1395893,43,0.985,UP,1,True,>0.96
1395909,44,0.955,DOWN,0,True,0.93-0.96
1395922,43,0.885,UP,1,True,0.88-0.90
1395924,43,0.895,UP,1,True,0.88-0.90
1395942,38,0.95,DOWN,0,True,0.93-0.96
1395963,41,0.995,UP,1,True,>0.96
1395979,42,0.995,UP,1,True,>0.96
1395980,44,0.995,DOWN,0,True,>0.96
1395995,43,0.935,UP,1,True,0.93-0.96
1396041,43,0.995,DOWN,0,True,>0.96
1396056,45,0.975,UP,1,True,>0.96
1396230,43,0.945,DOWN,0,True,0.93-0.96
1396246,42,0.95,UP,1,True,0.93-0.96
1396250,45,0.91,UP,1,True,0.90-0.93
1396260,45,0.995,UP,1,True,>0.96
1396277,43,0.93,DOWN,0,True,0.90-0.93
1396389,44,0.9,DOWN,0,True,0.88-0.90
1396402,43,0.995,UP,1,True,>0.96
1396406,39,0.905,UP,1,True,0.90-0.93
1396418,42,0.995,DOWN,0,True,>0.96
1396430,40,0.94,UP,1,True,0.93-0.96
1396439,44,0.935,UP,1,True,0.93-0.96
1396443,41,0.895,DOWN,0,True,0.88-0.90
1396453,44,0.985,UP,1,True,>0.96
1396498,42,0.885,DOWN,0,True,0.88-0.90
1396502,39,0.955,DOWN,0,True,0.93-0.96
1396524,43,0.885,UP,1,True,0.88-0.90
1396526,46,0.945,UP,1,True,0.93-0.96
1396568,46,0.955,DOWN,0,True,0.93-0.96
1396570,43,0.935,UP,1,True,0.93-0.96
1396586,44,0.925,UP,1,True,0.90-0.93
1396597,44,0.965,UP,1,True,>0.96
1396607,43,0.94,DOWN,0,True,0.93-0.96
1396617,45,0.995,DOWN,0,True,>0.96
1396629,45,0.975,UP,1,True,>0.96
1396645,43,0.965,UP,1,True,>0.96
1396782,42,0.995,UP,1,True,>0.96
1396795,40,0.92,DOWN,0,True,0.90-0.93
1396813,46,0.985,UP,1,True,>0.96
1396824,40,0.975,DOWN,0,True,>0.96
1396830,44,0.92,UP,1,True,0.90-0.93
1396886,44,0.985,UP,1,True,>0.96
1396898,45,0.945,DOWN,0,True,0.93-0.96
1396912,46,0.965,UP,1,True,>0.96
1396919,45,0.985,DOWN,0,True,>0.96
1396922,46,0.995,UP,1,True,>0.96
1396939,46,0.985,DOWN,0,True,>0.96
1396948,44,0.96,DOWN,0,True,0.93-0.96
1397105,41,0.945,DOWN,0,True,0.93-0.96
1397117,39,0.91,UP,1,True,0.90-0.93
1397130,42,0.985,DOWN,0,True,>0.96
1397178,46,0.985,UP,1,True,>0.96
1397184,41,0.975,DOWN,0,True,>0.96
1397191,40,0.995,DOWN,0,True,>0.96
1397195,40,0.98,DOWN,0,True,>0.96
1397201,39,0.935,UP,1,True,0.93-0.96
1397207,43,0.955,UP,1,True,0.93-0.96
1397242,44,0.995,DOWN,0,True,>0.96
1397245,20,0.955,UP,1,True,0.93-0.96
1397259,44,0.975,UP,1,True,>0.96
1397265,44,0.985,DOWN,0,True,>0.96
1397277,44,0.965,DOWN,0,True,>0.96
1397283,43,0.96,UP,1,True,0.93-0.96
1397299,43,0.975,UP,1,True,>0.96
1397436,43,0.955,UP,1,True,0.93-0.96
1397451,45,0.995,DOWN,0,True,>0.96
1397468,45,0.995,DOWN,0,True,>0.96
1397479,42,0.945,UP,1,True,0.93-0.96
1397484,44,0.995,DOWN,0,True,>0.96
1397486,45,0.995,UP,1,True,>0.96
1397494,45,0.9995,DOWN,0,True,>0.96
1397499,39,0.995,DOWN,0,True,>0.96
1397504,42,0.94,UP,1,True,0.93-0.96
1397513,40,0.985,UP,1,True,>0.96
1397518,42,0.995,UP,1,True,>0.96
1397523,45,0.96,DOWN,0,True,0.93-0.96
1397537,41,0.98,UP,1,True,>0.96
1397548,45,0.935,UP,1,True,0.93-0.96
1397553,39,0.985,DOWN,0,True,>0.96
1397562,45,0.995,UP,1,True,>0.96
1397593,44,0.985,UP,1,True,>0.96
1397597,6,0.955,UP,1,True,0.93-0.96
1397614,42,0.93,DOWN,0,True,0.90-0.93
1397621,31,0.925,UP,1,True,0.90-0.93
1397745,43,0.995,UP,1,True,>0.96
1397759,44,0.995,DOWN,0,True,>0.96
1397766,35,0.955,UP,1,True,0.93-0.96
1397795,43,0.995,UP,1,True,>0.96
1397808,40,0.985,UP,1,True,>0.96
1397816,37,0.965,DOWN,0,True,>0.96
1397826,46,0.945,UP,1,True,0.93-0.96
1397844,37,0.92,UP,1,True,0.90-0.93
1397928,42,0.985,UP,1,True,>0.96
1397930,40,0.965,UP,1,True,>0.96
1397951,38,0.945,DOWN,0,True,0.93-0.96
1397963,39,0.995,UP,1,True,>0.96
1398040,43,0.985,DOWN,0,True,>0.96
1398412,40,0.935,UP,1,True,0.93-0.96
1398413,42,0.935,UP,1,True,0.93-0.96
1398431,30,0.995,UP,1,True,>0.96
1398440,29,0.955,UP,1,True,0.93-0.96
1398557,42,0.985,UP,1,True,>0.96
1398700,40,0.995,DOWN,0,True,>0.96
1398849,42,0.91,DOWN,0,True,0.90-0.93
1398866,31,0.995,UP,1,True,>0.96
1398886,40,0.905,UP,1,True,0.90-0.93
1398991,44,0.93,DOWN,0,True,0.90-0.93
1398998,42,0.925,DOWN,0,True,0.90-0.93
1399017,42,0.995,UP,1,True,>0.96
1399028,43,0.975,DOWN,0,True,>0.96
1399071,42,0.955,UP,1,True,0.93-0.96
1399104,45,0.985,UP,1,True,>0.96
1399122,41,0.945,UP,1,True,0.93-0.96
1399126,42,0.925,DOWN,0,True,0.90-0.93
1399143,44,0.99,DOWN,0,True,>0.96
1399147,43,0.945,UP,1,True,0.93-0.96
1399181,44,0.975,DOWN,0,True,>0.96
1399195,42,0.965,UP,1,True,>0.96
1399239,40,0.975,UP,1,True,>0.96
1399263,38,0.995,UP,1,True,>0.96
1399265,41,0.905,UP,1,True,0.90-0.93
1399272,38,0.975,DOWN,0,True,>0.96
1399277,41,0.965,DOWN,0,True,>0.96
1399301,45,0.915,DOWN,0,True,0.90-0.93
1399320,38,0.94,UP,1,True,0.93-0.96
1399384,24,0.995,UP,1,True,>0.96
1399387,41,0.925,DOWN,0,True,0.90-0.93
1399435,40,0.97,UP,1,True,>0.96
1399446,39,0.925,UP,1,True,0.90-0.93
1399591,43,0.965,DOWN,0,True,>0.96
1399602,39,0.94,DOWN,0,True,0.93-0.96
1399612,38,0.925,UP,1,True,0.90-0.93
1399616,44,0.935,UP,1,True,0.93-0.96
1399625,44,0.995,UP,1,True,>0.96
1399710,41,0.975,UP,1,True,>0.96
1399770,39,0.95,DOWN,0,True,0.93-0.96
1399778,41,0.955,UP,1,True,0.93-0.96
1399794,44,0.945,UP,1,True,0.93-0.96
1400040,40,0.945,DOWN,0,True,0.93-0.96
1400081,44,0.945,UP,1,True,0.93-0.96
1400086,44,0.915,DOWN,0,True,0.90-0.93
1400337,40,0.925,DOWN,0,True,0.90-0.93
1400387,44,0.895,UP,1,True,0.88-0.90
1400408,39,0.965,DOWN,0,True,>0.96
1400449,44,0.975,UP,1,True,>0.96
1400502,39,0.965,DOWN,0,True,>0.96
1400518,43,0.955,DOWN,0,True,0.93-0.96
1400549,44,0.975,UP,1,True,>0.96
1400572,39,0.975,DOWN,0,True,>0.96
1400579,43,0.995,DOWN,0,True,>0.96
1400583,32,0.925,DOWN,0,True,0.90-0.93
1400592,43,0.895,UP,1,True,0.88-0.90
1400595,44,0.995,DOWN,0,True,>0.96
1400610,44,0.995,DOWN,0,True,>0.96
1400614,44,0.96,UP,1,True,0.93-0.96
1400626,40,0.965,UP,1,True,>0.96
1400651,45,0.995,DOWN,0,True,>0.96
1400715,40,0.955,UP,1,True,0.93-0.96
1400723,42,0.975,DOWN,0,True,>0.96
1400736,40,0.97,UP,1,True,>0.96
1400751,43,0.915,UP,1,True,0.90-0.93
1400764,40,0.96,UP,1,True,0.93-0.96
1400830,45,0.975,UP,1,True,>0.96
1400974,40,0.945,DOWN,0,True,0.93-0.96
1400980,41,0.945,UP,1,True,0.93-0.96
1400983,38,0.935,DOWN,0,True,0.93-0.96
1400990,41,0.965,UP,1,True,>0.96
1401085,45,0.915,DOWN,0,True,0.90-0.93
1401091,38,0.935,UP,1,True,0.93-0.96
1401175,44,0.935,UP,1,True,0.93-0.96
1401189,43,0.925,DOWN,0,True,0.90-0.93
1401205,43,0.935,DOWN,0,True,0.93-0.96
1401213,44,0.995,DOWN,0,True,>0.96
1401220,45,0.985,DOWN,0,True,>0.96
1401221,43,0.98,UP,1,True,>0.96
1401231,41,0.975,DOWN,0,True,>0.96
1401233,42,0.915,UP,1,True,0.90-0.93
1401242,39,0.965,UP,1,True,>0.96
1401251,26,0.965,DOWN,0,True,>0.96
1401288,42,0.965,UP,1,True,>0.96
1401300,42,0.925,UP,1,True,0.90-0.93
1401318,42,0.935,UP,1,True,0.93-0.96
1401329,40,0.985,DOWN,0,True,>0.96
1401340,39,0.91,UP,1,True,0.90-0.93
1401351,42,0.955,UP,1,True,0.93-0.96
1401355,45,0.965,DOWN,0,True,>0.96
1401377,41,0.975,UP,1,True,>0.96
1401384,43,0.915,UP,1,True,0.90-0.93
1401389,43,0.995,UP,1,True,>0.96
1401401,27,0.965,UP,1,True,>0.96
1401433,43,0.985,DOWN,0,True,>0.96
1401435,44,0.995,UP,1,True,>0.96
1401441,42,0.95,DOWN,0,True,0.93-0.96
1401450,40,0.915,UP,1,True,0.90-0.93
1401485,43,0.995,UP,1,True,>0.96
1401504,42,0.96,DOWN,0,True,0.93-0.96
1401510,43,0.955,UP,1,True,0.93-0.96
1401513,42,0.995,UP,1,True,>0.96
1401526,44,0.95,UP,1,True,0.93-0.96
1401528,38,0.945,DOWN,0,True,0.93-0.96
1401539,5,0.925,DOWN,0,True,0.90-0.93
1401543,16,0.955,DOWN,0,True,0.93-0.96
1401556,39,0.935,UP,1,True,0.93-0.96
1401577,42,0.975,UP,1,True,>0.96
1401595,42,0.905,DOWN,0,True,0.90-0.93
1401604,38,0.935,DOWN,0,True,0.93-0.96
1401606,41,0.945,UP,1,True,0.93-0.96
1401627,45,0.965,UP,1,True,>0.96
1401645,32,0.935,DOWN,0,True,0.93-0.96
1401816,42,0.945,UP,1,True,0.93-0.96
1401848,42,0.985,DOWN,0,True,>0.96
1401859,43,0.94,DOWN,0,True,0.93-0.96
1401871,39,0.905,UP,1,True,0.90-0.93
1401906,43,0.955,UP,1,True,0.93-0.96
1401913,33,0.985,DOWN,0,True,>0.96
1401936,42,0.925,DOWN,0,True,0.90-0.93
1401940,44,0.935,DOWN,0,True,0.93-0.96
1401964,44,0.995,UP,1,True,>0.96
1401975,44,0.995,UP,1,True,>0.96
1401984,41,0.965,UP,1,True,>0.96
1402066,40,0.925,DOWN,0,True,0.90-0.93
1402084,44,0.985,DOWN,0,True,>0.96
1402090,41,0.965,DOWN,0,True,>0.96
1402097,44,0.995,UP,1,True,>0.96
1402106,42,0.995,UP,1,True,>0.96
1402114,43,0.91,DOWN,0,True,0.90-0.93
1402122,41,0.975,DOWN,0,True,>0.96
1402216,44,0.945,UP,1,True,0.93-0.96
1402222,44,0.915,DOWN,0,True,0.90-0.93
1402256,43,0.935,DOWN,0,True,0.93-0.96
1402266,42,0.995,UP,1,True,>0.96
1402270,30,0.955,DOWN,0,True,0.93-0.96
1402274,37,0.965,UP,1,True,>0.96
1402284,41,0.91,DOWN,0,True,0.90-0.93
1402294,44,0.935,DOWN,0,True,0.93-0.96
1402298,45,0.95,UP,1,True,0.93-0.96
1402450,36,0.93,UP,1,True,0.90-0.93
1402494,38,0.91,UP,1,True,0.90-0.93
1402508,45,0.955,DOWN,0,True,0.93-0.96
1402521,37,0.975,UP,1,True,>0.96
1402536,44,0.995,UP,1,True,>0.96
1402597,37,0.975,DOWN,0,True,>0.96
1402666,42,0.995,DOWN,0,True,>0.96
1402783,41,0.925,DOWN,0,True,0.90-0.93
1402789,28,0.995,DOWN,0,True,>0.96
1402880,41,0.975,DOWN,0,True,>0.96
1402888,23,0.975,UP,1,True,>0.96
1402901,43,0.955,DOWN,0,True,0.93-0.96
1403094,43,0.975,DOWN,0,True,>0.96
1403118,44,0.965,UP,1,True,>0.96
1403135,40,0.975,UP,1,True,>0.96
1403137,41,0.94,UP,1,True,0.93-0.96
1403218,38,0.975,DOWN,0,True,>0.96
1403252,42,0.915,DOWN,0,True,0.90-0.93
1403271,43,0.935,UP,1,True,0.93-0.96
1403283,32,0.935,UP,1,True,0.93-0.96
1403293,42,0.95,UP,1,True,0.93-0.96
1403307,43,0.925,DOWN,0,True,0.90-0.93
1403311,44,0.945,UP,1,True,0.93-0.96
1403345,44,0.905,UP,1,True,0.90-0.93
1403361,43,0.945,UP,1,True,0.93-0.96
1403436,14,0.905,DOWN,0,True,0.90-0.93
1403444,42,0.905,UP,1,True,0.90-0.93
1403450,36,0.945,DOWN,0,True,0.93-0.96
1403520,38,0.925,DOWN,0,True,0.90-0.93
1403522,43,0.985,DOWN,0,True,>0.96
1403545,41,0.925,DOWN,0,True,0.90-0.93
1403568,43,0.995,UP,1,True,>0.96
1403595,44,0.995,DOWN,0,True,>0.96
1403599,40,0.985,DOWN,0,True,>0.96
1403681,39,0.975,DOWN,0,True,>0.96
1403688,42,0.945,UP,1,True,0.93-0.96
1403772,40,0.915,UP,1,True,0.90-0.93
1403780,38,0.91,UP,1,True,0.90-0.93
1403796,41,0.975,DOWN,0,True,>0.96
1403800,41,0.975,DOWN,0,True,>0.96
1403808,40,0.94,UP,1,True,0.93-0.96
1403841,39,0.955,DOWN,0,True,0.93-0.96
1403843,43,0.955,DOWN,0,True,0.93-0.96
1403850,25,0.995,DOWN,0,True,>0.96
1403857,37,0.985,UP,1,True,>0.96
1404274,41,0.995,DOWN,0,True,>0.96
1404324,44,0.975,UP,1,True,>0.96
1404377,41,0.985,UP,1,True,>0.96
1404396,38,0.935,UP,1,True,0.93-0.96
1404398,35,0.89,UP,1,True,0.88-0.90
1404418,44,0.935,DOWN,0,True,0.93-0.96
1404422,35,0.985,DOWN,0,True,>0.96
1404749,42,0.995,DOWN,0,True,>0.96
1404792,39,0.915,DOWN,0,True,0.90-0.93
1404796,43,0.925,UP,1,True,0.90-0.93
1404819,43,0.885,UP,1,True,0.88-0.90
1404867,27,0.965,UP,1,True,>0.96
1404879,37,0.965,UP,1,True,>0.96
1404905,41,0.945,UP,1,True,0.93-0.96
1404908,43,0.915,UP,1,True,0.90-0.93
1404969,41,0.965,UP,1,True,>0.96
1404977,41,0.965,DOWN,0,True,>0.96
1404985,25,0.945,DOWN,0,True,0.93-0.96
1404996,30,0.985,UP,1,True,>0.96
1405000,46,0.995,DOWN,0,True,>0.96
1405012,45,0.905,UP,1,True,0.90-0.93
1405056,43,0.995,DOWN,0,True,>0.96
1405065,44,0.975,UP,1,True,>0.96
1405075,44,0.995,DOWN,0,True,>0.96
1405085,33,0.965,UP,1,True,>0.96
1405121,46,0.995,UP,1,True,>0.96
1405123,44,0.975,DOWN,0,True,>0.96
1405192,32,0.975,UP,1,True,>0.96
1405200,43,0.885,UP,1,True,0.88-0.90
1405222,43,0.945,UP,1,True,0.93-0.96
1405233,41,0.915,DOWN,0,True,0.90-0.93
1405274,45,0.915,DOWN,0,True,0.90-0.93
1405288,46,0.935,DOWN,0,True,0.93-0.96
1405299,40,0.91,UP,1,True,0.90-0.93
1405493,45,0.9,DOWN,0,True,0.88-0.90
1405795,46,0.905,UP,1,True,0.90-0.93
1405896,40,0.945,UP,1,True,0.93-0.96
1405901,42,0.965,DOWN,0,True,>0.96
1405911,43,0.955,UP,1,True,0.93-0.96
1405923,42,0.925,DOWN,0,True,0.90-0.93
1405936,45,0.955,DOWN,0,True,0.93-0.96
1405944,34,0.945,UP,1,True,0.93-0.96
1406314,41,0.925,UP,1,True,0.90-0.93
1406338,43,0.985,UP,1,True,>0.96
1406425,42,0.995,UP,1,True,>0.96
1406429,41,0.955,UP,1,True,0.93-0.96
1406436,43,0.985,DOWN,0,True,>0.96
1406444,42,0.915,UP,1,True,0.90-0.93
1406512,45,0.925,DOWN,0,True,0.90-0.93
1406518,43,0.935,DOWN,0,True,0.93-0.96
1406531,30,0.915,DOWN,0,True,0.90-0.93
1406539,41,0.94,UP,1,True,0.93-0.96
1406577,42,0.96,UP,1,True,0.93-0.96
1406581,44,0.945,DOWN,0,True,0.93-0.96
1406589,46,0.96,DOWN,0,True,0.93-0.96
1406677,44,0.975,DOWN,0,True,>0.96
1406931,44,0.94,UP,1,True,0.93-0.96
1406940,46,0.995,UP,1,True,>0.96
1406958,46,0.935,DOWN,0,True,0.93-0.96
1406963,41,0.925,DOWN,0,True,0.90-0.93
1406999,45,0.905,DOWN,0,True,0.90-0.93
1407002,43,0.98,UP,1,True,>0.96
1407052,44,0.975,UP,1,True,>0.96
1407309,45,0.975,UP,1,True,>0.96
1407321,45,0.975,UP,1,True,>0.96
1407378,46,0.945,DOWN,0,True,0.93-0.96
1407384,40,0.905,UP,1,True,0.90-0.93
1407458,41,0.965,UP,1,True,>0.96
1407469,45,0.915,DOWN,0,True,0.90-0.93
1407476,31,0.995,DOWN,0,True,>0.96
1407479,46,0.945,DOWN,0,True,0.93-0.96
1407484,40,0.975,UP,1,True,>0.96
1407503,44,0.965,DOWN,0,True,>0.96
1407507,41,0.925,DOWN,0,True,0.90-0.93
1407511,38,0.975,UP,1,True,>0.96
1407515,44,0.935,UP,1,True,0.93-0.96
1407560,41,0.975,UP,1,True,>0.96
1407576,39,0.96,DOWN,0,True,0.93-0.96
1407589,42,0.925,UP,1,True,0.90-0.93
1407592,33,0.985,DOWN,0,True,>0.96
1407606,40,0.995,DOWN,0,True,>0.96
1407609,45,0.995,DOWN,0,True,>0.96
1407621,45,0.965,UP,1,True,>0.96
1407629,30,0.955,DOWN,0,True,0.93-0.96
1407726,43,0.97,DOWN,0,True,>0.96
1407740,44,0.985,UP,1,True,>0.96
1407747,42,0.975,UP,1,True,>0.96
1407753,38,0.975,DOWN,0,True,>0.96
1407765,43,0.955,UP,1,True,0.93-0.96
1407838,42,0.935,DOWN,0,True,0.93-0.96
1407844,45,0.975,DOWN,0,True,>0.96
1407857,40,0.995,UP,1,True,>0.96
1407914,44,0.965,DOWN,0,True,>0.96
1407991,40,0.985,DOWN,0,True,>0.96
1407995,16,0.91,UP,1,True,0.90-0.93
1408007,33,0.945,DOWN,0,True,0.93-0.96
1408014,41,0.995,UP,1,True,>0.96
1408073,43,0.965,UP,1,True,>0.96
1408090,41,0.995,UP,1,True,>0.96
1408101,45,0.95,DOWN,0,True,0.93-0.96
1408116,44,0.965,DOWN,0,True,>0.96
1408188,31,0.94,DOWN,0,True,0.93-0.96
1408196,41,0.905,DOWN,0,True,0.90-0.93
1408206,39,0.965,UP,1,True,>0.96
1408214,41,0.895,DOWN,0,True,0.88-0.90
1408292,42,0.965,UP,1,True,>0.96
1408297,41,0.955,DOWN,0,True,0.93-0.96
1408298,43,0.975,UP,1,True,>0.96
1408312,42,0.985,UP,1,True,>0.96
1408608,45,0.92,DOWN,0,True,0.90-0.93
1408614,44,0.975,UP,1,True,>0.96
1408776,42,0.945,DOWN,0,True,0.93-0.96
1409207,41,0.995,DOWN,0,True,>0.96
1409396,27,0.915,DOWN,0,True,0.90-0.93
1409417,44,0.885,UP,1,True,0.88-0.90
1409689,39,0.975,DOWN,0,True,>0.96
1409757,37,0.925,UP,1,True,0.90-0.93
1409816,30,0.885,UP,1,True,0.88-0.90
1409846,42,0.965,DOWN,0,True,>0.96
1409889,12,0.945,DOWN,0,True,0.93-0.96
1409898,40,0.905,UP,1,True,0.90-0.93
1409923,42,0.955,DOWN,0,True,0.93-0.96
1410056,42,0.885,DOWN,0,True,0.88-0.90
1410069,45,0.945,UP,1,True,0.93-0.96
1410113,46,0.975,DOWN,0,True,>0.96
1410134,44,0.915,UP,1,True,0.90-0.93
1410142,43,0.895,UP,1,True,0.88-0.90
1410148,41,0.995,DOWN,0,True,>0.96
1410237,42,0.975,UP,1,True,>0.96
1410280,44,0.895,UP,1,True,0.88-0.90
1410308,44,0.985,UP,1,True,>0.96
1410342,40,0.975,UP,1,True,>0.96
1410359,45,0.905,UP,1,True,0.90-0.93
1410391,40,0.955,DOWN,0,True,0.93-0.96
1410405,40,0.955,DOWN,0,True,0.93-0.96
1410429,39,0.945,UP,1,True,0.93-0.96
1410433,45,0.985,UP,1,True,>0.96
1410455,43,0.935,DOWN,0,True,0.93-0.96
1410469,44,0.965,DOWN,0,True,>0.96
1410470,43,0.975,UP,1,True,>0.96
1410476,45,0.91,UP,1,True,0.90-0.93
1410579,34,0.975,DOWN,0,True,>0.96
1410582,43,0.905,DOWN,0,True,0.90-0.93
1410621,33,0.975,DOWN,0,True,>0.96
1410631,39,0.965,UP,1,True,>0.96
1410679,40,0.905,DOWN,0,True,0.90-0.93
1410691,43,0.925,DOWN,0,True,0.90-0.93
1410694,40,0.985,UP,1,True,>0.96
1411386,39,0.905,DOWN,0,True,0.90-0.93
1411483,40,0.905,DOWN,0,True,0.90-0.93
1411493,40,0.96,DOWN,0,True,0.93-0.96
1411499,43,0.995,DOWN,0,True,>0.96
1411511,41,0.995,DOWN,0,True,>0.96
1411517,35,0.985,DOWN,0,True,>0.96
1411529,41,0.975,DOWN,0,True,>0.96
1411540,45,0.995,DOWN,0,True,>0.96
1411615,43,0.94,UP,1,True,0.93-0.96
1411627,42,0.945,UP,1,True,0.93-0.96
1411630,44,0.95,DOWN,0,True,0.93-0.96
1411639,45,0.985,DOWN,0,True,>0.96
1411644,44,0.975,DOWN,0,True,>0.96
1411653,32,0.91,UP,1,True,0.90-0.93
1411656,28,0.95,UP,1,True,0.93-0.96
1411676,42,0.945,UP,1,True,0.93-0.96
1411691,42,0.985,DOWN,0,True,>0.96
1411696,46,0.965,DOWN,0,True,>0.96
1411708,45,0.985,UP,1,True,>0.96
1411715,44,0.985,UP,1,True,>0.96
1411773,41,0.965,UP,1,True,>0.96
1411779,44,0.915,DOWN,0,True,0.90-0.93
1411780,45,0.995,DOWN,0,True,>0.96
1411812,45,0.995,UP,1,True,>0.96
1411814,42,0.935,UP,1,True,0.93-0.96
1411817,43,0.965,DOWN,0,True,>0.96
1411828,45,0.965,UP,1,True,>0.96
1411891,44,0.995,UP,1,True,>0.96
1411899,45,0.975,DOWN,0,True,>0.96
1411902,46,0.995,DOWN,0,True,>0.96
1411920,46,0.905,DOWN,0,True,0.90-0.93
1411934,40,0.985,UP,1,True,>0.96
1412109,44,0.945,UP,1,True,0.93-0.96
1412252,44,0.975,UP,1,True,>0.96
1412255,44,0.955,UP,1,True,0.93-0.96
1412260,45,0.96,UP,1,True,0.93-0.96
1412287,44,0.915,DOWN,0,True,0.90-0.93
1412295,45,0.955,UP,1,True,0.93-0.96
1412299,45,0.955,DOWN,0,True,0.93-0.96
1412827,44,0.945,UP,1,True,0.93-0.96
1412924,43,0.955,UP,1,True,0.93-0.96
1412925,46,0.995,UP,1,True,>0.96
1412938,44,0.995,UP,1,True,>0.96
1412942,45,0.925,DOWN,0,True,0.90-0.93
1412952,40,0.93,UP,1,True,0.90-0.93
1412955,43,0.985,UP,1,True,>0.96
1412967,46,0.995,UP,1,True,>0.96
1413083,45,0.965,DOWN,0,True,>0.96
1413085,46,0.985,UP,1,True,>0.96
1413090,47,0.915,UP,1,True,0.90-0.93
1413098,40,0.97,DOWN,0,True,>0.96
1413115,45,0.885,UP,1,True,0.88-0.90
1413234,46,0.995,DOWN,0,True,>0.96
1413252,43,0.985,UP,1,True,>0.96
1413256,45,0.995,DOWN,0,True,>0.96
1413267,46,0.975,DOWN,0,True,>0.96
1413271,45,0.895,UP,1,True,0.88-0.90
1413292,42,0.985,DOWN,0,True,>0.96
1413370,47,0.975,UP,1,True,>0.96
1413377,44,0.985,UP,1,True,>0.96
1413395,45,0.91,UP,1,True,0.90-0.93
1413398,41,0.995,DOWN,0,True,>0.96
1413413,41,0.985,UP,1,True,>0.96
1413420,44,0.995,UP,1,True,>0.96
1413432,44,0.995,UP,1,True,>0.96
1413456,42,0.975,DOWN,0,True,>0.96
1413465,26,0.98,UP,1,True,>0.96
1413478,45,0.885,DOWN,0,True,0.88-0.90
1413491,45,0.985,UP,1,True,>0.96
1413505,43,0.92,DOWN,0,True,0.90-0.93
1413512,44,0.925,DOWN,0,True,0.90-0.93
1413518,41,0.945,DOWN,0,True,0.93-0.96
1413531,46,0.985,UP,1,True,>0.96
1413540,45,0.985,DOWN,0,True,>0.96
1413551,44,0.985,UP,1,True,>0.96
1413778,44,0.965,UP,1,True,>0.96
1413795,35,0.995,UP,1,True,>0.96
1413804,47,0.995,DOWN,0,True,>0.96
1413821,45,0.995,DOWN,0,True,>0.96
1413826,43,0.995,DOWN,0,True,>0.96
1413830,41,0.945,DOWN,0,True,0.93-0.96
1413844,45,0.945,UP,1,True,0.93-0.96
1414017,41,0.985,UP,1,True,>0.96
1414023,44,0.925,UP,1,True,0.90-0.93
1414048,47,0.9995,DOWN,0,True,>0.96
1414055,42,0.93,UP,1,True,0.90-0.93
1414058,42,0.995,DOWN,0,True,>0.96
1414068,30,0.9995,UP,1,True,>0.96
1414072,44,0.995,UP,1,True,>0.96
1414098,44,0.985,DOWN,0,True,>0.96
1414129,43,0.995,UP,1,True,>0.96
1414131,42,0.985,DOWN,0,True,>0.96
1414145,42,0.965,DOWN,0,True,>0.96
1414193,41,0.96,UP,1,True,0.93-0.96
1414207,43,0.92,DOWN,0,True,0.90-0.93
1414218,46,0.995,UP,1,True,>0.96
1414232,41,0.935,DOWN,0,True,0.93-0.96
1414254,47,0.995,DOWN,0,True,>0.96
1414270,32,0.91,UP,1,True,0.90-0.93
1414278,42,0.965,DOWN,0,True,>0.96
1414285,41,0.985,DOWN,0,True,>0.96
1414381,43,0.925,UP,1,True,0.90-0.93
1414400,45,0.997,UP,1,True,>0.96
1414603,46,0.965,DOWN,0,True,>0.96
1414616,44,0.905,UP,1,True,0.90-0.93
1414623,41,0.955,UP,1,True,0.93-0.96
1414630,45,0.995,UP,1,True,>0.96
1414661,42,0.995,DOWN,0,True,>0.96
1414678,41,0.925,UP,1,True,0.90-0.93
1414703,44,0.985,DOWN,0,True,>0.96
1414731,45,0.995,DOWN,0,True,>0.96
1414745,46,0.975,DOWN,0,True,>0.96
1414756,42,0.975,UP,1,True,>0.96
1414846,44,0.995,UP,1,True,>0.96
1414858,46,0.93,DOWN,0,True,0.90-0.93
1414859,43,0.975,UP,1,True,>0.96
1414888,43,0.995,DOWN,0,True,>0.96
1414898,40,0.935,UP,1,True,0.93-0.96
1415169,42,0.985,DOWN,0,True,>0.96
1415205,42,0.965,DOWN,0,True,>0.96
1415216,43,0.975,DOWN,0,True,>0.96
1415234,41,0.985,DOWN,0,True,>0.96
1415237,46,0.93,UP,1,True,0.90-0.93
1415244,44,0.975,DOWN,0,True,>0.96
1415263,46,0.905,UP,1,True,0.90-0.93
1415574,30,0.975,UP,1,True,>0.96
1415612,45,0.925,DOWN,0,True,0.90-0.93
1415635,42,0.995,UP,1,True,>0.96
1415658,41,0.925,DOWN,0,True,0.90-0.93
1415677,44,0.955,UP,1,True,0.93-0.96
1415695,45,0.995,DOWN,0,True,>0.96
1415703,29,0.895,DOWN,0,True,0.88-0.90
1415737,39,0.995,DOWN,0,True,>0.96
1415747,30,0.915,UP,1,True,0.90-0.93
1415761,40,0.975,UP,1,True,>0.96
1415775,45,0.92,DOWN,0,True,0.90-0.93
1415785,42,0.995,DOWN,0,True,>0.96
1415813,22,0.935,DOWN,0,True,0.93-0.96
1415820,45,0.955,DOWN,0,True,0.93-0.96
1415862,16,0.955,UP,1,True,0.93-0.96
1415923,42,0.985,UP,1,True,>0.96
1415952,44,0.995,DOWN,0,True,>0.96
1415957,39,0.995,DOWN,0,True,>0.96
1415982,41,0.995,UP,1,True,>0.96
1415990,41,0.96,DOWN,0,True,0.93-0.96
1415995,41,0.995,UP,1,True,>0.96
1416031,45,0.945,UP,1,True,0.93-0.96
1416067,46,0.92,UP,1,True,0.90-0.93
1416077,41,0.995,UP,1,True,>0.96
1416110,39,0.985,UP,1,True,>0.96
1416160,39,0.975,DOWN,0,True,>0.96
1416208,40,0.995,UP,1,True,>0.96
1416212,43,0.955,UP,1,True,0.93-0.96
1416219,32,0.985,DOWN,0,True,>0.96
1416258,46,0.985,UP,1,True,>0.96
1416268,46,0.975,UP,1,True,>0.96
1416351,36,0.93,DOWN,0,True,0.90-0.93
1416360,38,0.915,DOWN,0,True,0.90-0.93
1416364,42,0.985,DOWN,0,True,>0.96
1416383,44,0.975,DOWN,0,True,>0.96
1416394,43,0.945,UP,1,True,0.93-0.96
1416420,45,0.965,UP,1,True,>0.96
1416424,40,0.935,DOWN,0,True,0.93-0.96
1416555,41,0.975,DOWN,0,True,>0.96
1416561,45,0.985,DOWN,0,True,>0.96
1416591,18,0.975,UP,1,True,>0.96
1416594,41,0.975,UP,1,True,>0.96
1416631,43,0.995,UP,1,True,>0.96
1416700,46,0.955,UP,1,True,0.93-0.96
1416712,39,0.965,DOWN,0,True,>0.96
1416750,45,0.95,DOWN,0,True,0.93-0.96
1416768,46,0.945,UP,1,True,0.93-0.96
1416792,41,0.905,DOWN,0,True,0.90-0.93
1416806,46,0.995,DOWN,0,True,>0.96
1416828,44,0.995,DOWN,0,True,>0.96
1416894,42,0.995,DOWN,0,True,>0.96
1416904,45,0.995,UP,1,True,>0.96
1416910,30,0.995,UP,1,True,>0.96
1416917,42,0.985,UP,1,True,>0.96
1416925,43,0.955,DOWN,0,True,0.93-0.96
1416930,41,0.995,UP,1,True,>0.96
1416936,43,0.945,DOWN,0,True,0.93-0.96
1416959,27,0.905,DOWN,0,True,0.90-0.93
1416994,44,0.905,UP,1,True,0.90-0.93
1416997,44,0.905,UP,1,True,0.90-0.93
1417008,43,0.995,DOWN,0,True,>0.96
1417016,42,0.995,UP,1,True,>0.96
1417018,46,0.975,UP,1,True,>0.96
1417027,42,0.995,DOWN,0,True,>0.96
1417032,44,0.935,DOWN,0,True,0.93-0.96
1417045,39,0.985,DOWN,0,True,>0.96
1417057,28,0.995,DOWN,0,True,>0.96
1417095,45,0.965,DOWN,0,True,>0.96
1417167,43,0.925,UP,1,True,0.90-0.93
1417171,44,0.975,DOWN,0,True,>0.96
1417199,43,0.92,DOWN,0,True,0.90-0.93
1417205,44,0.91,DOWN,0,True,0.90-0.93
1417210,26,0.955,DOWN,0,True,0.93-0.96
1417239,44,0.995,DOWN,0,True,>0.96
1417243,44,0.995,DOWN,0,True,>0.96
1417320,46,0.995,UP,1,True,>0.96
1417361,45,0.92,DOWN,0,True,0.90-0.93
1417368,38,0.935,DOWN,0,True,0.93-0.96
1417373,41,0.985,UP,1,True,>0.96
1417459,42,0.985,DOWN,0,True,>0.96
1417465,42,0.985,UP,1,True,>0.96
1417541,44,0.945,DOWN,0,True,0.93-0.96
1417547,43,0.995,DOWN,0,True,>0.96
1417594,45,0.975,UP,1,True,>0.96
1417602,41,0.93,UP,1,True,0.90-0.93
1417615,45,0.925,UP,1,True,0.90-0.93
1417625,37,0.97,UP,1,True,>0.96
1417688,44,0.965,UP,1,True,>0.96
1417692,30,0.975,DOWN,0,True,>0.96
1417700,38,0.985,UP,1,True,>0.96
1417709,42,0.905,DOWN,0,True,0.90-0.93
1417717,42,0.985,UP,1,True,>0.96
1417723,45,0.945,DOWN,0,True,0.93-0.96
1417727,41,0.885,UP,1,True,0.88-0.90
1417728,44,0.975,DOWN,0,True,>0.96
1417736,42,0.995,DOWN,0,True,>0.96
1417831,47,0.995,UP,1,True,>0.96
1417843,46,0.995,DOWN,0,True,>0.96
1417895,42,0.985,DOWN,0,True,>0.96
1417900,42,0.975,DOWN,0,True,>0.96
1417952,44,0.955,UP,1,True,0.93-0.96
1417968,39,0.945,UP,1,True,0.93-0.96
1418043,43,0.985,DOWN,0,True,>0.96
1418047,43,0.995,UP,1,True,>0.96
1418050,44,0.965,DOWN,0,True,>0.96
1418055,42,0.975,UP,1,True,>0.96
1418155,39,0.985,DOWN,0,True,>0.96
1418162,42,0.945,DOWN,0,True,0.93-0.96
1418168,44,0.955,DOWN,0,True,0.93-0.96
1418189,44,0.985,UP,1,True,>0.96
1418201,44,0.975,UP,1,True,>0.96
1418209,42,0.95,DOWN,0,True,0.93-0.96
1418227,23,0.885,UP,1,True,0.88-0.90
1418317,45,0.975,DOWN,0,True,>0.96
1418324,38,0.915,DOWN,0,True,0.90-0.93
1418346,43,0.9945,UP,1,True,>0.96
1418378,45,0.995,DOWN,0,True,>0.96
1418383,42,0.975,UP,1,True,>0.96
1418466,44,0.975,DOWN,0,True,>0.96
1418468,44,0.92,UP,1,True,0.90-0.93
1418478,42,0.925,DOWN,0,True,0.90-0.93
1418525,45,0.985,DOWN,0,True,>0.96
1418527,43,0.915,UP,1,True,0.90-0.93
1418530,41,0.995,UP,1,True,>0.96
1418548,44,0.965,UP,1,True,>0.96
1418561,42,0.925,DOWN,0,True,0.90-0.93
1418582,43,0.995,DOWN,0,True,>0.96
1418595,27,0.995,DOWN,0,True,>0.96
1418633,41,0.945,DOWN,0,True,0.93-0.96
1418675,45,0.93,UP,1,True,0.90-0.93
1418683,45,0.935,UP,1,True,0.93-0.96
1418688,40,0.9895,DOWN,0,True,>0.96
1418700,14,0.995,DOWN,0,True,>0.96
1418714,41,0.885,UP,1,True,0.88-0.90
1418725,43,0.905,UP,1,True,0.90-0.93
1418756,39,0.925,DOWN,0,True,0.90-0.93
1418765,43,0.995,UP,1,True,>0.96
1418844,38,0.935,DOWN,0,True,0.93-0.96
1418849,45,0.98,UP,1,True,>0.96
1418910,19,0.975,DOWN,0,True,>0.96
1418918,44,0.995,UP,1,True,>0.96
1418921,42,0.905,UP,1,True,0.90-0.93
1418924,41,0.955,UP,1,True,0.93-0.96
1418942,44,0.94,UP,1,True,0.93-0.96
1418945,39,0.95,DOWN,0,True,0.93-0.96
1418974,42,0.94,UP,1,True,0.93-0.96
1418981,44,0.975,DOWN,0,True,>0.96
1418991,44,0.895,DOWN,0,True,0.88-0.90
1419049,45,0.95,UP,1,True,0.93-0.96
1419064,45,0.985,UP,1,True,>0.96
1419069,41,0.995,UP,1,True,>0.96
1419077,40,0.985,DOWN,0,True,>0.96
1419082,43,0.93,DOWN,0,True,0.90-0.93
1419092,44,0.93,DOWN,0,True,0.90-0.93
1419146,44,0.95,DOWN,0,True,0.93-0.96
1419192,44,0.995,DOWN,0,True,>0.96
1419245,25,0.995,UP,1,True,>0.96
1419307,45,0.985,UP,1,True,>0.96
1419824,44,0.995,UP,1,True,>0.96
1419856,43,0.995,UP,1,True,>0.96
1419969,45,0.995,DOWN,0,True,>0.96
1419977,42,0.91,UP,1,True,0.90-0.93
1419982,39,0.985,DOWN,0,True,>0.96
1420031,39,0.985,UP,1,True,>0.96
1420045,41,0.985,DOWN,0,True,>0.96
1420060,42,0.985,UP,1,True,>0.96
1420229,40,0.995,UP,1,True,>0.96
1420236,39,0.985,UP,1,True,>0.96
1420286,43,0.945,DOWN,0,True,0.93-0.96
1420296,42,0.995,DOWN,0,True,>0.96
1420404,43,0.995,UP,1,True,>0.96
1420442,38,0.955,UP,1,True,0.93-0.96
1420484,38,0.96,UP,1,True,0.93-0.96
1420487,43,0.965,UP,1,True,>0.96
1420551,39,0.895,UP,1,True,0.88-0.90
1420564,43,0.925,UP,1,True,0.90-0.93
1420565,43,0.995,DOWN,0,True,>0.96
1420673,42,0.925,DOWN,0,True,0.90-0.93
1420678,31,0.985,UP,1,True,>0.96
1420684,43,0.92,DOWN,0,True,0.90-0.93
1420725,38,0.98,UP,1,True,>0.96
1420746,38,0.965,UP,1,True,>0.96
1420812,41,0.92,UP,1,True,0.90-0.93
1420844,41,0.98,DOWN,0,True,>0.96
1420847,42,0.995,UP,1,True,>0.96
1420953,43,0.955,UP,1,True,0.93-0.96
1420955,39,0.915,UP,1,True,0.90-0.93
1420975,37,0.975,UP,1,True,>0.96
1421044,37,0.985,DOWN,0,True,>0.96
1421083,17,0.91,UP,1,True,0.90-0.93
1421107,43,0.995,DOWN,0,True,>0.96
1421126,38,0.9,UP,1,True,0.88-0.90
1421247,39,0.995,DOWN,0,True,>0.96
1421250,44,0.905,UP,1,True,0.90-0.93
1421280,44,0.995,DOWN,0,True,>0.96
1421324,40,0.975,UP,1,True,>0.96
1421378,42,0.945,DOWN,0,True,0.93-0.96
1421496,41,0.935,UP,1,True,0.93-0.96
1421508,44,0.97,UP,1,True,>0.96
1421525,40,0.975,DOWN,0,True,>0.96
1421539,42,0.935,UP,1,True,0.93-0.96
1421642,43,0.985,DOWN,0,True,>0.96
1421682,39,0.985,DOWN,0,True,>0.96
1421719,42,0.945,DOWN,0,True,0.93-0.96
1421745,40,0.975,DOWN,0,True,>0.96
1421812,42,0.955,UP,1,True,0.93-0.96
1421818,10,0.965,DOWN,0,True,>0.96
1421870,42,0.995,DOWN,0,True,>0.96
1421873,28,0.995,UP,1,True,>0.96
1422044,41,0.975,UP,1,True,>0.96
1422074,42,0.965,DOWN,0,True,>0.96
1422080,39,0.995,UP,1,True,>0.96
1422086,39,0.995,DOWN,0,True,>0.96
1422096,43,0.975,DOWN,0,True,>0.96
1422359,40,0.985,UP,1,True,>0.96
1422444,45,0.97,DOWN,0,True,>0.96
1422547,41,0.925,UP,1,True,0.90-0.93
1422553,44,0.915,DOWN,0,True,0.90-0.93
1422565,42,0.975,DOWN,0,True,>0.96
1422576,43,0.995,UP,1,True,>0.96
1422579,41,0.995,UP,1,True,>0.96
1422589,44,0.995,DOWN,0,True,>0.96
1422595,44,0.935,UP,1,True,0.93-0.96
1422601,39,0.915,DOWN,0,True,0.90-0.93
1422609,42,0.92,UP,1,True,0.90-0.93
1422689,42,0.995,UP,1,True,>0.96
1422718,29,0.995,UP,1,True,>0.96
1422830,42,0.995,UP,1,True,>0.96
1422871,43,0.925,UP,1,True,0.90-0.93
1422881,44,0.975,UP,1,True,>0.96
1422886,41,0.995,DOWN,0,True,>0.96
1422894,41,0.945,UP,1,True,0.93-0.96
1422898,43,0.995,DOWN,0,True,>0.96
1422920,43,0.965,UP,1,True,>0.96
1422949,25,0.995,UP,1,True,>0.96
1422988,43,0.975,UP,1,True,>0.96
1423086,36,0.985,DOWN,0,True,>0.96
1423105,43,0.905,UP,1,True,0.90-0.93
1423110,43,0.995,DOWN,0,True,>0.96
1423118,42,0.975,UP,1,True,>0.96
1423129,40,0.915,UP,1,True,0.90-0.93
1423141,38,0.935,DOWN,0,True,0.93-0.96
1423169,6,0.975,DOWN,0,True,>0.96
1423271,39,0.995,DOWN,0,True,>0.96
1423276,39,0.935,DOWN,0,True,0.93-0.96
1423313,39,0.965,UP,1,True,>0.96
1423317,38,0.94,DOWN,0,True,0.93-0.96
1423328,16,0.895,DOWN,0,True,0.88-0.90
1423340,39,0.935,DOWN,0,True,0.93-0.96
1423354,43,0.995,DOWN,0,True,>0.96
1423410,44,0.985,UP,1,True,>0.96
1423509,43,0.935,DOWN,0,True,0.93-0.96
1423518,44,0.955,UP,1,True,0.93-0.96
1423565,44,0.995,DOWN,0,True,>0.96
1423569,44,0.995,DOWN,0,True,>0.96
1423875,42,0.975,DOWN,0,True,>0.96
1423981,40,0.985,DOWN,0,True,>0.96
1424000,45,0.995,DOWN,0,True,>0.96
1424009,41,0.985,DOWN,0,True,>0.96
1424021,44,0.965,UP,1,True,>0.96
1424162,42,0.995,UP,1,True,>0.96
1424282,41,0.985,DOWN,0,True,>0.96
1424294,42,0.97,UP,1,True,>0.96
1424302,43,0.935,DOWN,0,True,0.93-0.96
1424313,37,0.985,UP,1,True,>0.96
1424322,36,0.925,UP,1,True,0.90-0.93
1424332,44,0.955,DOWN,0,True,0.93-0.96
1424339,44,0.995,DOWN,0,True,>0.96
1424441,44,0.985,UP,1,True,>0.96
1424548,44,0.975,UP,1,True,>0.96
1424566,40,0.985,UP,1,True,>0.96
1424584,40,0.985,DOWN,0,True,>0.96
1424599,41,0.935,DOWN,0,True,0.93-0.96
1424612,42,0.955,UP,1,True,0.93-0.96
1424733,44,0.915,UP,1,True,0.90-0.93
1424845,43,0.965,UP,1,True,>0.96
1424851,42,0.995,UP,1,True,>0.96
1424858,39,0.995,UP,1,True,>0.96
1424867,43,0.995,UP,1,True,>0.96
1424875,38,0.94,UP,1,True,0.93-0.96
1424901,40,0.915,DOWN,0,True,0.90-0.93
1424921,39,0.985,DOWN,0,True,>0.96
1425048,45,0.91,DOWN,0,True,0.90-0.93
1425054,44,0.985,DOWN,0,True,>0.96
1425061,39,0.985,UP,1,True,>0.96
1425087,38,0.985,DOWN,0,True,>0.96
1425201,43,0.985,DOWN,0,True,>0.96
1425202,42,0.975,DOWN,0,True,>0.96
1425232,42,0.975,UP,1,True,>0.96
1425241,41,0.895,DOWN,0,True,0.88-0.90
1425424,44,0.93,DOWN,0,True,0.90-0.93
1425428,41,0.995,DOWN,0,True,>0.96
1425438,44,0.985,DOWN,0,True,>0.96
1425557,45,0.995,UP,1,True,>0.96
1425573,41,0.975,UP,1,True,>0.96
1425595,44,0.975,UP,1,True,>0.96
1425599,44,0.985,DOWN,0,True,>0.96
1425695,40,0.97,DOWN,0,True,>0.96
1425840,42,0.93,UP,1,True,0.90-0.93
1425857,44,0.995,UP,1,True,>0.96
1425887,44,0.945,UP,1,True,0.93-0.96
1425959,46,0.975,UP,1,True,>0.96
1425984,45,0.995,UP,1,True,>0.96
1426087,41,0.94,DOWN,0,True,0.93-0.96
1426104,41,0.945,UP,1,True,0.93-0.96
1426249,39,0.955,UP,1,True,0.93-0.96
1426292,40,0.995,UP,1,True,>0.96
1426315,44,0.975,UP,1,True,>0.96
1426332,40,0.96,UP,1,True,0.93-0.96
1426350,44,0.995,DOWN,0,True,>0.96
1426393,39,0.96,DOWN,0,True,0.93-0.96
1426411,45,0.945,UP,1,True,0.93-0.96
1426439,41,0.995,UP,1,True,>0.96
1426445,43,0.915,UP,1,True,0.90-0.93
1426563,42,0.955,UP,1,True,0.93-0.96
1426622,44,0.995,DOWN,0,True,>0.96
1426657,43,0.96,UP,1,True,0.93-0.96
1427167,38,0.995,UP,1,True,>0.96
1427234,43,0.895,UP,1,True,0.88-0.90
1427244,42,0.985,DOWN,0,True,>0.96
1427371,41,0.95,UP,1,True,0.93-0.96
1427537,44,0.985,UP,1,True,>0.96
1427543,45,0.945,UP,1,True,0.93-0.96
1427555,24,0.965,UP,1,True,>0.96
1427574,38,0.995,UP,1,True,>0.96
1427594,44,0.995,DOWN,0,True,>0.96
1427729,42,0.905,UP,1,True,0.90-0.93
1427735,38,0.995,UP,1,True,>0.96
1427834,28,0.955,UP,1,True,0.93-0.96
1427842,43,0.975,UP,1,True,>0.96
1427946,41,0.885,UP,1,True,0.88-0.90
1427951,40,0.98,UP,1,True,>0.96
1428109,40,0.995,UP,1,True,>0.96
1428124,42,0.94,UP,1,True,0.93-0.96
1428137,45,0.985,UP,1,True,>0.96
1428241,39,0.94,DOWN,0,True,0.93-0.96
1428245,38,0.995,UP,1,True,>0.96
1428252,44,0.925,DOWN,0,True,0.90-0.93
1428278,37,0.975,UP,1,True,>0.96
1428493,39,0.985,DOWN,0,True,>0.96
1428508,40,0.995,DOWN,0,True,>0.96
1428522,44,0.98,UP,1,True,>0.96
1428525,42,0.975,UP,1,True,>0.96
1428644,41,0.995,UP,1,True,>0.96
1428658,45,0.965,UP,1,True,>0.96
1428685,40,0.985,UP,1,True,>0.96
1428693,44,0.995,DOWN,0,True,>0.96
1428770,36,0.995,DOWN,0,True,>0.96
1428793,44,0.975,DOWN,0,True,>0.96
1428899,40,0.995,UP,1,True,>0.96
1428909,42,0.965,DOWN,0,True,>0.96
1428914,41,0.965,DOWN,0,True,>0.96
1428922,41,0.975,UP,1,True,>0.96
1429132,45,0.995,DOWN,0,True,>0.96
1429233,40,0.95,UP,1,True,0.93-0.96
1429266,37,0.945,UP,1,True,0.93-0.96
1429316,43,0.995,UP,1,True,>0.96
1429323,42,0.975,DOWN,0,True,>0.96
1429337,40,0.995,UP,1,True,>0.96
1429420,38,0.955,DOWN,0,True,0.93-0.96
1429468,45,0.955,UP,1,True,0.93-0.96
1429644,40,0.96,UP,1,True,0.93-0.96
1429647,44,0.985,DOWN,0,True,>0.96
1429649,41,0.905,UP,1,True,0.90-0.93
1429662,43,0.985,UP,1,True,>0.96
1429709,42,0.995,DOWN,0,True,>0.96
1429726,41,0.995,DOWN,0,True,>0.96
1429805,41,0.935,DOWN,0,True,0.93-0.96
1429871,37,0.965,UP,1,True,>0.96
1429928,40,0.965,UP,1,True,>0.96
1430047,43,0.985,DOWN,0,True,>0.96
1430467,40,0.995,DOWN,0,True,>0.96
1430494,42,0.965,DOWN,0,True,>0.96
1430551,44,0.9935,DOWN,0,True,>0.96
1430566,40,0.995,DOWN,0,True,>0.96
1430684,40,0.995,UP,1,True,>0.96
1430690,42,0.985,DOWN,0,True,>0.96
1430724,36,0.995,UP,1,True,>0.96
1430729,41,0.975,DOWN,0,True,>0.96
1430830,41,0.975,DOWN,0,True,>0.96
1430852,39,0.925,UP,1,True,0.90-0.93
1430859,41,0.985,DOWN,0,True,>0.96
1430867,44,0.995,DOWN,0,True,>0.96
1430883,38,0.995,UP,1,True,>0.96
1431199,44,0.995,UP,1,True,>0.96
1431303,40,0.91,UP,1,True,0.90-0.93
1431347,41,0.985,UP,1,True,>0.96
1431352,38,0.995,DOWN,0,True,>0.96
1431368,36,0.96,DOWN,0,True,0.93-0.96
1431404,41,0.975,UP,1,True,>0.96
1431520,43,0.925,DOWN,0,True,0.90-0.93
1431560,40,0.955,DOWN,0,True,0.93-0.96
1431564,42,0.995,DOWN,0,True,>0.96
1431576,43,0.975,UP,1,True,>0.96
1431592,43,0.975,DOWN,0,True,>0.96
1431697,37,0.985,DOWN,0,True,>0.96
1431706,40,0.995,DOWN,0,True,>0.96
1431807,36,0.995,UP,1,True,>0.96
1431815,37,0.965,DOWN,0,True,>0.96
1431836,43,0.975,UP,1,True,>0.96
1431847,41,0.995,UP,1,True,>0.96
1431852,36,0.945,DOWN,0,True,0.93-0.96
1431856,38,0.985,UP,1,True,>0.96
1431896,41,0.985,DOWN,0,True,>0.96
1431897,40,0.925,UP,1,True,0.90-0.93
1432008,42,0.975,DOWN,0,True,>0.96
1432034,43,0.995,UP,1,True,>0.96
1432040,43,0.995,DOWN,0,True,>0.96
1432043,33,0.95,UP,1,True,0.93-0.96
1432046,43,0.965,UP,1,True,>0.96
1432055,43,0.965,DOWN,0,True,>0.96
1432087,39,0.935,UP,1,True,0.93-0.96
1432107,41,0.955,UP,1,True,0.93-0.96
1432113,39,0.975,UP,1,True,>0.96
1432210,42,0.995,UP,1,True,>0.96
1432218,41,0.995,DOWN,0,True,>0.96
1432224,40,0.975,UP,1,True,>0.96
1432233,40,0.995,UP,1,True,>0.96
1432252,39,0.965,DOWN,0,True,>0.96
1432403,43,0.985,DOWN,0,True,>0.96
1432512,40,0.99,DOWN,0,True,>0.96
1432539,42,0.995,DOWN,0,True,>0.96
1432643,37,0.975,DOWN,0,True,>0.96
1432672,40,0.965,UP,1,True,>0.96
1432681,43,0.885,UP,1,True,0.88-0.90
1432691,43,0.955,UP,1,True,0.93-0.96
1432693,39,0.945,DOWN,0,True,0.93-0.96
1432865,45,0.995,DOWN,0,True,>0.96
1432930,11,0.995,UP,1,True,>0.96
1433043,45,0.965,DOWN,0,True,>0.96
1433068,40,0.985,DOWN,0,True,>0.96
1433077,40,0.995,DOWN,0,True,>0.96
1433097,41,0.975,DOWN,0,True,>0.96
1433114,42,0.965,UP,1,True,>0.96
1433156,37,0.965,UP,1,True,>0.96
1433328,41,0.975,UP,1,True,>0.96
1433345,39,0.955,DOWN,0,True,0.93-0.96
1433353,38,0.925,DOWN,0,True,0.90-0.93
1433356,44,0.965,DOWN,0,True,>0.96
1433399,28,0.915,DOWN,0,True,0.90-0.93
1433404,37,0.945,UP,1,True,0.93-0.96
1433419,42,0.995,UP,1,True,>0.96
1433535,43,0.955,UP,1,True,0.93-0.96
1433541,44,0.955,DOWN,0,True,0.93-0.96
1433554,11,0.945,UP,1,True,0.93-0.96
1433556,40,0.995,DOWN,0,True,>0.96
1433561,44,0.985,UP,1,True,>0.96
1433600,41,0.945,DOWN,0,True,0.93-0.96
1433612,38,0.925,UP,1,True,0.90-0.93
1433622,42,0.995,UP,1,True,>0.96
1433725,42,0.93,DOWN,0,True,0.90-0.93
1433770,41,0.965,DOWN,0,True,>0.96
1433780,45,0.995,UP,1,True,>0.96
1433785,43,0.995,UP,1,True,>0.96
1433791,21,0.975,DOWN,0,True,>0.96
1433802,43,0.965,UP,1,True,>0.96
1433808,28,0.955,UP,1,True,0.93-0.96
1433841,38,0.975,DOWN,0,True,>0.96
1433854,43,0.905,DOWN,0,True,0.90-0.93
1433858,29,0.985,DOWN,0,True,>0.96
1433973,39,0.885,DOWN,0,True,0.88-0.90
1433979,42,0.965,UP,1,True,>0.96
1433990,39,0.985,UP,1,True,>0.96
1433997,42,0.975,DOWN,0,True,>0.96
1434009,39,0.91,DOWN,0,True,0.90-0.93
1434026,37,0.985,DOWN,0,True,>0.96
1434223,39,0.925,UP,1,True,0.90-0.93
1434232,44,0.935,UP,1,True,0.93-0.96
1434239,40,0.935,DOWN,0,True,0.93-0.96
1434245,42,0.995,UP,1,True,>0.96
1434350,42,0.995,DOWN,0,True,>0.96
1434364,26,0.975,DOWN,0,True,>0.96
1434387,39,0.915,DOWN,0,True,0.90-0.93
1434390,43,0.995,DOWN,0,True,>0.96
1434397,37,0.995,DOWN,0,True,>0.96
1434558,41,0.975,UP,1,True,>0.96
1434690,36,0.98,UP,1,True,>0.96
1434692,40,0.995,DOWN,0,True,>0.96
1434709,43,0.985,DOWN,0,True,>0.96
1434883,27,0.995,DOWN,0,True,>0.96
1435071,45,0.995,UP,1,True,>0.96
1435084,42,0.995,DOWN,0,True,>0.96
1435109,41,0.995,DOWN,0,True,>0.96
1435173,39,0.965,DOWN,0,True,>0.96
1435182,40,0.985,DOWN,0,True,>0.96
1435189,38,0.945,DOWN,0,True,0.93-0.96
1435194,38,0.995,UP,1,True,>0.96
1435298,36,0.975,DOWN,0,True,>0.96
1435302,40,0.91,UP,1,True,0.90-0.93
1435329,36,0.995,DOWN,0,True,>0.96
1435340,19,0.955,DOWN,0,True,0.93-0.96
1435387,36,0.995,DOWN,0,True,>0.96
1435476,35,0.995,UP,1,True,>0.96
1435517,38,0.935,DOWN,0,True,0.93-0.96
1435675,31,0.995,DOWN,0,True,>0.96
1435751,41,0.995,UP,1,True,>0.96
1435758,35,0.985,UP,1,True,>0.96
1435772,39,0.985,DOWN,0,True,>0.96
1435813,39,0.935,UP,1,True,0.93-0.96
1436006,42,0.905,UP,1,True,0.90-0.93
1436020,37,0.955,UP,1,True,0.93-0.96
1436109,42,0.985,UP,1,True,>0.96
1436115,41,0.995,DOWN,0,True,>0.96
1436119,40,0.964,DOWN,0,True,>0.96
1436136,42,0.935,DOWN,0,True,0.93-0.96
1436145,40,0.975,DOWN,0,True,>0.96
1436471,36,0.985,UP,1,True,>0.96
1436682,35,0.985,DOWN,0,True,>0.96
1436727,41,0.945,UP,1,True,0.93-0.96
1436739,35,0.975,DOWN,0,True,>0.96
1436753,5,0.995,UP,1,True,>0.96
1437007,28,0.995,DOWN,0,True,>0.96
1437166,40,0.995,UP,1,True,>0.96
1437177,41,0.965,DOWN,0,True,>0.96
1437209,38,0.945,DOWN,0,True,0.93-0.96
1437213,41,0.975,UP,1,True,>0.96
1437318,39,0.905,DOWN,0,True,0.90-0.93
1437326,40,0.955,UP,1,True,0.93-0.96
1437409,33,0.95,UP,1,True,0.93-0.96
1437412,33,0.995,UP,1,True,>0.96
1437424,39,0.975,DOWN,0,True,>0.96
1437687,40,0.965,UP,1,True,>0.96
1437727,35,0.975,UP,1,True,>0.96
1437739,37,0.995,DOWN,0,True,>0.96
1437753,37,0.945,DOWN,0,True,0.93-0.96
1437758,43,0.925,UP,1,True,0.90-0.93
1438319,32,0.945,DOWN,0,True,0.93-0.96
1438332,37,0.955,UP,1,True,0.93-0.96
1438496,37,0.975,UP,1,True,>0.96
1438578,36,0.995,DOWN,0,True,>0.96
1438599,41,0.995,DOWN,0,True,>0.96
1438610,41,0.925,UP,1,True,0.90-0.93
1438615,39,0.955,DOWN,0,True,0.93-0.96
1438622,38,0.975,DOWN,0,True,>0.96
1438682,36,0.985,UP,1,True,>0.96
1438713,41,0.985,DOWN,0,True,>0.96
1438717,21,0.995,UP,1,True,>0.96
1439036,42,0.985,UP,1,True,>0.96
1439058,30,0.955,DOWN,0,True,0.93-0.96
1439065,39,0.955,DOWN,0,True,0.93-0.96
1439079,41,0.975,UP,1,True,>0.96
1439086,40,0.995,UP,1,True,>0.96
1439096,40,0.985,DOWN,0,True,>0.96
1439145,40,0.945,DOWN,0,True,0.93-0.96
1439162,42,0.955,DOWN,0,True,0.93-0.96
1439170,41,0.985,UP,1,True,>0.96
1439340,40,0.955,DOWN,0,True,0.93-0.96
1439437,36,0.995,DOWN,0,True,>0.96
1439538,36,0.935,UP,1,True,0.93-0.96
1439541,37,0.945,UP,1,True,0.93-0.96
1439559,40,0.975,UP,1,True,>0.96
1439578,40,0.985,DOWN,0,True,>0.96
1439903,38,0.995,DOWN,0,True,>0.96
1439959,35,0.995,UP,1,True,>0.96
1440143,41,0.935,DOWN,0,True,0.93-0.96
1440211,36,0.995,UP,1,True,>0.96
1440217,41,0.965,UP,1,True,>0.96
1440229,35,0.955,UP,1,True,0.93-0.96
1440232,36,0.915,DOWN,0,True,0.90-0.93
1440465,40,0.925,DOWN,0,True,0.90-0.93
1440518,38,0.995,UP,1,True,>0.96
1440534,39,0.965,DOWN,0,True,>0.96
1440710,39,0.915,DOWN,0,True,0.90-0.93
1440800,41,0.995,DOWN,0,True,>0.96
1440808,39,0.925,DOWN,0,True,0.90-0.93
1440818,41,0.995,DOWN,0,True,>0.96
1440875,41,0.965,UP,1,True,>0.96
1440884,40,0.935,DOWN,0,True,0.93-0.96
1440914,35,0.965,DOWN,0,True,>0.96
1440923,35,0.925,UP,1,True,0.90-0.93
1441104,38,0.965,UP,1,True,>0.96
1441138,37,0.885,UP,1,True,0.88-0.90
1441161,39,0.89,UP,1,True,0.88-0.90
1441203,41,0.975,UP,1,True,>0.96
1441213,36,0.955,UP,1,True,0.93-0.96
1441222,39,0.985,DOWN,0,True,>0.96
1441397,38,0.955,UP,1,True,0.93-0.96
1441415,40,0.995,DOWN,0,True,>0.96
1441433,39,0.985,UP,1,True,>0.96
1441440,42,0.905,DOWN,0,True,0.90-0.93
1441444,40,0.965,DOWN,0,True,>0.96
1441455,38,0.975,DOWN,0,True,>0.96
1441513,33,0.975,DOWN,0,True,>0.96
1441520,37,0.975,DOWN,0,True,>0.96
1441685,37,0.975,DOWN,0,True,>0.96
1441707,41,0.965,UP,1,True,>0.96
1441712,24,0.995,UP,1,True,>0.96
1441726,36,0.915,DOWN,0,True,0.90-0.93
1441729,18,0.925,UP,1,True,0.90-0.93
1441769,41,0.995,UP,1,True,>0.96
1441777,38,0.995,UP,1,True,>0.96
1441790,34,0.975,DOWN,0,True,>0.96
1441795,26,0.995,UP,1,True,>0.96
1441948,35,0.955,UP,1,True,0.93-0.96
1441950,39,0.965,DOWN,0,True,>0.96
1441966,36,0.935,DOWN,0,True,0.93-0.96
1441973,43,0.895,DOWN,0,True,0.88-0.90
1441984,41,0.915,UP,1,True,0.90-0.93
1441993,36,0.955,UP,1,True,0.93-0.96
1442161,35,0.985,DOWN,0,True,>0.96
1442168,42,0.975,UP,1,True,>0.96
1442240,42,0.985,UP,1,True,>0.96
1442395,42,0.955,DOWN,0,True,0.93-0.96
1442400,37,0.955,UP,1,True,0.93-0.96
1442405,38,0.965,UP,1,True,>0.96
1442426,43,0.945,DOWN,0,True,0.93-0.96
1442502,35,0.975,DOWN,0,True,>0.96
1442509,40,0.965,UP,1,True,>0.96
1442633,40,0.975,DOWN,0,True,>0.96
1442785,36,0.935,UP,1,True,0.93-0.96
1442789,36,0.975,DOWN,0,True,>0.96
1442826,41,0.905,UP,1,True,0.90-0.93
1442835,40,0.985,UP,1,True,>0.96
1442843,43,0.955,DOWN,0,True,0.93-0.96
1443063,40,0.985,DOWN,0,True,>0.96
1443075,37,0.995,DOWN,0,True,>0.96
1443112,40,0.995,UP,1,True,>0.96
1443115,41,0.905,DOWN,0,True,0.90-0.93
1443270,43,0.905,DOWN,0,True,0.90-0.93
1443287,42,0.895,DOWN,0,True,0.88-0.90
1443291,39,0.895,UP,1,True,0.88-0.90
1443299,40,0.995,DOWN,0,True,>0.96
1443306,40,0.995,UP,1,True,>0.96
1443316,43,0.935,UP,1,True,0.93-0.96
1443350,30,0.93,DOWN,0,True,0.90-0.93
1443357,43,0.905,UP,1,True,0.90-0.93
1443375,36,0.9995,UP,1,True,>0.96
1443377,36,0.915,DOWN,0,True,0.90-0.93
1443524,31,0.925,UP,1,True,0.90-0.93
1443550,39,0.985,DOWN,0,True,>0.96
1443555,42,0.985,DOWN,0,True,>0.96
1443560,38,0.925,UP,1,True,0.90-0.93
1443567,43,0.985,UP,1,True,>0.96
1443571,40,0.955,DOWN,0,True,0.93-0.96
1443598,38,0.935,DOWN,0,True,0.93-0.96
1443639,23,0.985,UP,1,True,>0.96
1443645,37,0.975,DOWN,0,True,>0.96
1443804,39,0.995,DOWN,0,True,>0.96
1443853,39,0.985,UP,1,True,>0.96
1443858,42,0.915,DOWN,0,True,0.90-0.93
1443868,42,0.995,DOWN,0,True,>0.96
1443878,24,0.985,DOWN,0,True,>0.96
1443885,42,0.995,DOWN,0,True,>0.96
1443890,42,0.945,DOWN,0,True,0.93-0.96
1443905,41,0.985,UP,1,True,>0.96
1443923,39,0.985,DOWN,0,True,>0.96
1443926,35,0.97,UP,1,True,>0.96
1443935,42,0.995,DOWN,0,True,>0.96
1444089,38,0.995,UP,1,True,>0.96
1444097,43,0.965,DOWN,0,True,>0.96
1444104,40,0.985,DOWN,0,True,>0.96
1444113,31,0.945,UP,1,True,0.93-0.96
1444136,43,0.975,DOWN,0,True,>0.96
1444148,42,0.975,DOWN,0,True,>0.96
1444302,42,0.905,UP,1,True,0.90-0.93
1444310,41,0.975,UP,1,True,>0.96
1444469,43,0.955,DOWN,0,True,0.93-0.96
1444478,39,0.985,UP,1,True,>0.96
1444494,43,0.995,DOWN,0,True,>0.96
1444515,38,0.905,DOWN,0,True,0.90-0.93
1444516,26,0.965,UP,1,True,>0.96
1444828,38,0.985,UP,1,True,>0.96
1444848,36,0.985,UP,1,True,>0.96
1444854,40,0.995,DOWN,0,True,>0.96
1445003,40,0.965,DOWN,0,True,>0.96
1445015,37,0.945,UP,1,True,0.93-0.96
1445054,36,0.965,UP,1,True,>0.96
1445060,39,0.93,DOWN,0,True,0.90-0.93
1445070,40,0.925,DOWN,0,True,0.90-0.93
1445075,36,0.965,UP,1,True,>0.96
1447036,39,0.995,UP,1,True,>0.96
1447051,40,0.975,DOWN,0,True,>0.96
1447208,35,0.965,UP,1,True,>0.96
1447213,38,0.995,DOWN,0,True,>0.96
1447226,39,0.965,DOWN,0,True,>0.96
1447235,22,0.985,DOWN,0,True,>0.96
1447241,38,0.995,UP,1,True,>0.96
1447249,39,0.975,UP,1,True,>0.96
1447254,38,0.955,UP,1,True,0.93-0.96
1447311,38,0.92,DOWN,0,True,0.90-0.93
1447322,37,0.975,UP,1,True,>0.96
1447472,43,0.995,DOWN,0,True,>0.96
1447481,38,0.975,DOWN,0,True,>0.96
1447531,35,0.935,UP,1,True,0.93-0.96
1447560,37,0.9995,DOWN,0,True,>0.96
1447720,41,0.995,UP,1,True,>0.96
1447897,38,0.935,DOWN,0,True,0.93-0.96
1447937,38,0.955,DOWN,0,True,0.93-0.96
1448042,35,0.945,DOWN,0,True,0.93-0.96
1448082,36,0.975,DOWN,0,True,>0.96
1448270,40,0.965,UP,1,True,>0.96
1448387,42,0.945,DOWN,0,True,0.93-0.96
1448390,39,0.975,DOWN,0,True,>0.96
1448427,41,0.995,DOWN,0,True,>0.96
1448676,35,0.975,DOWN,0,True,>0.96
1448694,37,0.985,UP,1,True,>0.96
1448718,39,0.995,DOWN,0,True,>0.96
1448914,35,0.95,DOWN,0,True,0.93-0.96
1448922,32,0.935,UP,1,True,0.93-0.96
1448927,37,0.91,UP,1,True,0.90-0.93
1448945,39,0.955,UP,1,True,0.93-0.96
1449018,36,0.995,UP,1,True,>0.96
1449083,35,0.915,DOWN,0,True,0.90-0.93
1449294,37,0.975,DOWN,0,True,>0.96
1449327,35,0.975,UP,1,True,>0.96
1449363,43,0.975,DOWN,0,True,>0.96
1449371,43,0.955,DOWN,0,True,0.93-0.96
1449412,37,0.945,UP,1,True,0.93-0.96
1449415,22,0.935,UP,1,True,0.93-0.96
1449435,37,0.995,DOWN,0,True,>0.96
1449467,38,0.985,UP,1,True,>0.96
1449714,40,0.945,UP,1,True,0.93-0.96
1449760,39,0.905,UP,1,True,0.90-0.93
1449770,39,0.94,UP,1,True,0.93-0.96
1449839,40,0.975,UP,1,True,>0.96
1449863,37,0.995,UP,1,True,>0.96
1449876,41,0.945,UP,1,True,0.93-0.96
1449884,41,0.965,UP,1,True,>0.96
1450169,38,0.975,UP,1,True,>0.96
1450192,36,0.915,DOWN,0,True,0.90-0.93
1450329,38,0.975,DOWN,0,True,>0.96
1450468,38,0.92,UP,1,True,0.90-0.93
1450536,35,0.915,UP,1,True,0.90-0.93
1450566,36,0.945,DOWN,0,True,0.93-0.96
1450581,40,0.925,DOWN,0,True,0.90-0.93
1450583,36,0.945,DOWN,0,True,0.93-0.96
1450615,36,0.985,UP,1,True,>0.96
1450642,33,0.925,DOWN,0,True,0.90-0.93
1450650,35,0.915,UP,1,True,0.90-0.93
1450863,33,0.985,DOWN,0,True,>0.96
1450895,9,0.965,DOWN,0,True,>0.96
1450904,33,0.945,DOWN,0,True,0.93-0.96
1450908,36,0.965,UP,1,True,>0.96
1450916,37,0.995,UP,1,True,>0.96
1451013,39,0.895,UP,1,True,0.88-0.90
1451018,23,0.975,DOWN,0,True,>0.96
1451182,31,0.975,UP,1,True,>0.96
1451317,29,0.895,DOWN,0,True,0.88-0.90
1451338,34,0.995,DOWN,0,True,>0.96
1451349,32,0.92,UP,1,True,0.90-0.93
1451562,37,0.955,UP,1,True,0.93-0.96
1451694,34,0.965,DOWN,0,True,>0.96
1451701,38,0.995,DOWN,0,True,>0.96
1451717,36,0.975,UP,1,True,>0.96
1451727,34,0.985,DOWN,0,True,>0.96
1451809,23,0.995,DOWN,0,True,>0.96
1451905,32,0.995,UP,1,True,>0.96
1452008,31,0.995,DOWN,0,True,>0.96
1452015,34,0.965,DOWN,0,True,>0.96
1452023,34,0.955,UP,1,True,0.93-0.96
1452027,34,0.955,DOWN,0,True,0.93-0.96
1452038,35,0.915,UP,1,True,0.90-0.93
1452041,35,0.925,DOWN,0,True,0.90-0.93
1452064,39,0.965,UP,1,True,>0.96
1452144,34,0.985,UP,1,True,>0.96
1452152,37,0.905,UP,1,True,0.90-0.93
1452181,33,0.905,UP,1,True,0.90-0.93
1452199,36,0.965,DOWN,0,True,>0.96
1452203,28,0.995,DOWN,0,True,>0.96
1452292,38,0.975,UP,1,True,>0.96
1452306,32,0.915,UP,1,True,0.90-0.93
1452315,21,0.925,DOWN,0,True,0.90-0.93
1452317,34,0.945,DOWN,0,True,0.93-0.96
1452331,35,0.945,UP,1,True,0.93-0.96
1452333,26,0.955,UP,1,True,0.93-0.96
1452341,38,0.965,DOWN,0,True,>0.96
1452347,32,0.935,UP,1,True,0.93-0.96
1452367,31,0.945,DOWN,0,True,0.93-0.96
1452430,34,0.905,UP,1,True,0.90-0.93
1452436,36,0.945,DOWN,0,True,0.93-0.96
1452443,33,0.965,DOWN,0,True,>0.96
1452451,40,0.935,UP,1,True,0.93-0.96
1452524,33,0.955,DOWN,0,True,0.93-0.96
1452527,33,0.945,DOWN,0,True,0.93-0.96
1452565,34,0.905,UP,1,True,0.90-0.93
1452568,34,0.945,UP,1,True,0.93-0.96
1452673,28,0.945,DOWN,0,True,0.93-0.96
1452680,37,0.945,DOWN,0,True,0.93-0.96
1452784,36,0.935,DOWN,0,True,0.93-0.96
1452787,39,0.905,DOWN,0,True,0.90-0.93
1452847,35,0.995,DOWN,0,True,>0.96
1452854,38,0.995,DOWN,0,True,>0.96
1452860,32,0.985,DOWN,0,True,>0.96
1452871,38,0.975,DOWN,0,True,>0.96
1452875,39,0.92,UP,1,True,0.90-0.93
1452882,38,0.97,DOWN,0,True,>0.96
1452884,36,0.985,DOWN,0,True,>0.96
1452897,39,0.995,DOWN,0,True,>0.96
1452905,32,0.985,UP,1,True,>0.96
1452911,36,0.945,UP,1,True,0.93-0.96
1452914,32,0.975,UP,1,True,>0.96
1452975,36,0.995,DOWN,0,True,>0.96
1452982,30,0.975,UP,1,True,>0.96
1452990,39,0.925,UP,1,True,0.90-0.93
1452993,28,0.995,UP,1,True,>0.96
1453000,38,0.975,DOWN,0,True,>0.96
1453009,37,0.975,DOWN,0,True,>0.96
1453013,37,0.915,UP,1,True,0.90-0.93
1453025,35,0.965,DOWN,0,True,>0.96
1453029,35,0.985,DOWN,0,True,>0.96
1453037,40,0.995,DOWN,0,True,>0.96
1453041,36,0.965,UP,1,True,>0.96
1453098,36,0.995,UP,1,True,>0.96
1453101,37,0.975,DOWN,0,True,>0.96
1453129,13,0.985,UP,1,True,>0.96
1453138,38,0.965,DOWN,0,True,>0.96
1453143,33,0.975,UP,1,True,>0.96
1453151,38,0.905,UP,1,True,0.90-0.93
1453158,34,0.975,DOWN,0,True,>0.96
1453166,36,0.995,DOWN,0,True,>0.96
1453172,39,0.905,UP,1,True,0.90-0.93
1453187,33,0.945,DOWN,0,True,0.93-0.96
1453188,32,0.915,UP,1,True,0.90-0.93
1453247,37,0.885,DOWN,0,True,0.88-0.90
1453251,33,0.965,UP,1,True,>0.96
1453313,37,0.965,DOWN,0,True,>0.96
1453326,36,0.985,DOWN,0,True,>0.96
1453331,38,0.975,DOWN,0,True,>0.96
1453352,39,0.985,UP,1,True,>0.96
1453392,36,0.995,DOWN,0,True,>0.96
1453400,40,0.975,UP,1,True,>0.96
1453460,38,0.96,UP,1,True,0.93-0.96
1453464,34,0.995,UP,1,True,>0.96
1453474,31,0.975,DOWN,0,True,>0.96
1453481,32,0.965,UP,1,True,>0.96
1453690,39,0.965,UP,1,True,>0.96
1453700,37,0.995,UP,1,True,>0.96
1453724,32,0.955,DOWN,0,True,0.93-0.96
1453788,32,0.885,DOWN,0,True,0.88-0.90
1453802,34,0.935,UP,1,True,0.93-0.96
1453814,39,0.955,UP,1,True,0.93-0.96
1453820,25,0.955,DOWN,0,True,0.93-0.96
1453829,40,0.985,DOWN,0,True,>0.96
1453834,37,0.955,DOWN,0,True,0.93-0.96
1453848,37,0.905,DOWN,0,True,0.90-0.93
1453921,11,0.905,UP,1,True,0.90-0.93
1453923,32,0.915,UP,1,True,0.90-0.93
1453978,35,0.965,UP,1,True,>0.96
1453986,38,0.975,DOWN,0,True,>0.96
1454010,32,0.955,UP,1,True,0.93-0.96
1454022,37,0.995,DOWN,0,True,>0.96
1454027,27,0.995,DOWN,0,True,>0.96
1454114,37,0.975,UP,1,True,>0.96
1454125,38,0.955,DOWN,0,True,0.93-0.96
1454131,39,0.985,UP,1,True,>0.96
1454135,35,0.915,UP,1,True,0.90-0.93
1454253,32,0.995,DOWN,0,True,>0.96
1454266,35,0.975,UP,1,True,>0.96
1454268,32,0.995,UP,1,True,>0.96
1454315,36,0.95,UP,1,True,0.93-0.96
1454325,36,0.975,DOWN,0,True,>0.96
1454340,29,0.975,UP,1,True,>0.96
1454342,32,0.935,DOWN,0,True,0.93-0.96
1454400,37,0.945,DOWN,0,True,0.93-0.96
1454404,31,0.975,DOWN,0,True,>0.96
1454458,56,0.985,UP,1,True,>0.96
1454465,36,0.955,DOWN,0,True,0.93-0.96
1454467,30,0.995,DOWN,0,True,>0.96
1454487,35,0.995,DOWN,0,True,>0.96
1454641,31,0.975,DOWN,0,True,>0.96
1454721,38,0.945,UP,1,True,0.93-0.96
1454727,33,0.985,UP,1,True,>0.96
1454736,34,0.995,UP,1,True,>0.96
1454859,38,0.975,UP,1,True,>0.96
1454897,13,0.975,DOWN,0,True,>0.96
1454906,36,0.975,UP,1,True,>0.96
1454978,34,0.955,DOWN,0,True,0.93-0.96
1454994,37,0.985,UP,1,True,>0.96
1455117,30,0.905,DOWN,0,True,0.90-0.93
1455135,35,0.925,UP,1,True,0.90-0.93
1455188,32,0.945,DOWN,0,True,0.93-0.96
1455237,35,0.985,UP,1,True,>0.96
1455244,37,0.975,DOWN,0,True,>0.96
1455386,35,0.985,DOWN,0,True,>0.96
1455558,31,0.975,UP,1,True,>0.96
1455587,38,0.905,UP,1,True,0.90-0.93
1455615,37,0.965,DOWN,0,True,>0.96
1455625,38,0.965,DOWN,0,True,>0.96
1455634,37,0.995,UP,1,True,>0.96
1455705,31,0.995,UP,1,True,>0.96
1455717,32,0.945,DOWN,0,True,0.93-0.96
1455729,36,0.975,DOWN,0,True,>0.96
1455894,35,0.995,DOWN,0,True,>0.96
1455905,38,0.985,UP,1,True,>0.96
1455948,36,0.985,UP,1,True,>0.96
1455981,34,0.915,DOWN,0,True,0.90-0.93
1456018,35,0.985,UP,1,True,>0.96
1456071,32,0.955,DOWN,0,True,0.93-0.96
1456095,30,0.965,DOWN,0,True,>0.96
1456191,33,0.965,UP,1,True,>0.96
1456432,32,0.995,UP,1,True,>0.96
1456468,25,0.985,UP,1,True,>0.96
1456809,33,0.985,DOWN,0,True,>0.96
1457457,34,0.965,UP,1,True,>0.96
1458747,39,0.945,DOWN,0,True,0.93-0.96
1459273,39,0.885,DOWN,0,True,0.88-0.90
1459285,36,0.995,UP,1,True,>0.96
1459502,33,0.995,UP,1,True,>0.96
1459605,35,0.945,DOWN,0,True,0.93-0.96
1459683,34,0.925,DOWN,0,True,0.90-0.93
1459715,35,0.975,UP,1,True,>0.96
1459811,31,0.9995,DOWN,0,True,>0.96
1459848,35,0.965,UP,1,True,>0.96
1459963,23,0.935,DOWN,0,True,0.93-0.96
1460065,33,0.985,UP,1,True,>0.96
1460084,39,0.995,UP,1,True,>0.96
1460103,35,0.915,DOWN,0,True,0.90-0.93
1460106,33,0.975,DOWN,0,True,>0.96
1460116,37,0.985,UP,1,True,>0.96
1460125,36,0.96,UP,1,True,0.93-0.96
1460363,39,0.945,UP,1,True,0.93-0.96
1460405,40,0.975,UP,1,True,>0.96
1460412,38,0.965,UP,1,True,>0.96
1460418,38,0.945,DOWN,0,True,0.93-0.96
1460462,36,0.975,UP,1,True,>0.96
1460467,21,0.995,DOWN,0,True,>0.96
1460871,35,0.945,UP,1,True,0.93-0.96
1460877,31,0.985,DOWN,0,True,>0.96
1461104,31,0.925,DOWN,0,True,0.90-0.93
1461112,21,0.915,UP,1,True,0.90-0.93
1461119,39,0.955,DOWN,0,True,0.93-0.96
1461123,39,0.94,UP,1,True,0.93-0.96
1461128,38,0.935,UP,1,True,0.93-0.96
1461245,35,0.955,UP,1,True,0.93-0.96
1461259,37,0.995,DOWN,0,True,>0.96
1461454,26,0.995,UP,1,True,>0.96
1461462,38,0.995,DOWN,0,True,>0.96
1461496,33,0.955,UP,1,True,0.93-0.96
1461499,32,0.975,DOWN,0,True,>0.96
1461514,32,0.995,UP,1,True,>0.96
1461555,38,0.935,DOWN,0,True,0.93-0.96
1461562,31,0.985,DOWN,0,True,>0.96
1461611,38,0.995,DOWN,0,True,>0.96
1461791,40,0.985,DOWN,0,True,>0.96
1461804,35,0.985,UP,1,True,>0.96
1461815,39,0.935,DOWN,0,True,0.93-0.96
1461824,20,0.995,UP,1,True,>0.96
1461864,39,0.975,UP,1,True,>0.96
1461873,29,0.995,UP,1,True,>0.96
1461880,36,0.97,UP,1,True,>0.96
1461897,31,0.985,DOWN,0,True,>0.96
1461903,39,0.9995,UP,1,True,>0.96
1461915,36,0.975,DOWN,0,True,>0.96
1461920,37,0.965,UP,1,True,>0.96
1462098,32,0.955,DOWN,0,True,0.93-0.96
1462104,34,0.975,UP,1,True,>0.96
1462119,40,0.985,UP,1,True,>0.96
1462129,36,0.975,DOWN,0,True,>0.96
1462303,35,0.935,DOWN,0,True,0.93-0.96
1462326,36,0.925,DOWN,0,True,0.90-0.93
1462489,33,0.9995,DOWN,0,True,>0.96
1462491,29,0.995,UP,1,True,>0.96
1462501,39,0.955,DOWN,0,True,0.93-0.96
1462510,37,0.965,UP,1,True,>0.96
1462563,33,0.995,DOWN,0,True,>0.96
1462566,37,0.945,UP,1,True,0.93-0.96
1462728,38,0.9975,DOWN,0,True,>0.96
1462736,22,0.895,UP,1,True,0.88-0.90
1462738,38,0.895,UP,1,True,0.88-0.90
1462754,19,0.995,UP,1,True,>0.96
1463366,36,0.955,UP,1,True,0.93-0.96
1463375,36,0.975,UP,1,True,>0.96
1463380,34,0.905,DOWN,0,True,0.90-0.93
1463381,32,0.935,UP,1,True,0.93-0.96
1463395,34,0.915,DOWN,0,True,0.90-0.93
1463405,34,0.985,DOWN,0,True,>0.96
1463702,39,0.965,DOWN,0,True,>0.96
1463864,19,0.965,DOWN,0,True,>0.96
1463871,36,0.945,UP,1,True,0.93-0.96
1463891,36,0.985,DOWN,0,True,>0.96
1463907,40,0.985,DOWN,0,True,>0.96
1463917,33,0.985,UP,1,True,>0.96
1463949,36,0.975,DOWN,0,True,>0.96
1463962,37,0.985,UP,1,True,>0.96
1464133,37,0.915,UP,1,True,0.90-0.93
1464139,35,0.905,DOWN,0,True,0.90-0.93
1464146,35,0.935,UP,1,True,0.93-0.96
1464172,37,0.985,DOWN,0,True,>0.96
1464227,40,0.985,DOWN,0,True,>0.96
1464234,34,0.995,UP,1,True,>0.96
1464236,38,0.995,UP,1,True,>0.96
1464406,31,0.905,UP,1,True,0.90-0.93
1464412,36,0.935,DOWN,0,True,0.93-0.96
1464421,33,0.925,DOWN,0,True,0.90-0.93
1464432,38,0.935,UP,1,True,0.93-0.96
1464438,39,0.885,DOWN,0,True,0.88-0.90
1464443,40,0.995,DOWN,0,True,>0.96
1464449,35,0.9995,DOWN,0,True,>0.96
1464468,39,0.965,UP,1,True,>0.96
1464654,35,0.995,UP,1,True,>0.96
1464683,33,0.985,DOWN,0,True,>0.96
1464816,38,0.975,DOWN,0,True,>0.96
1464834,36,0.975,UP,1,True,>0.96
1464995,39,0.975,DOWN,0,True,>0.96
1465040,32,0.965,DOWN,0,True,>0.96
1465050,21,0.955,UP,1,True,0.93-0.96
1465393,39,0.985,UP,1,True,>0.96
1465399,35,0.955,DOWN,0,True,0.93-0.96
1465450,39,0.945,DOWN,0,True,0.93-0.96
1465466,34,0.935,UP,1,True,0.93-0.96
1465472,36,0.925,UP,1,True,0.90-0.93
1465501,28,0.915,UP,1,True,0.90-0.93
1465513,38,0.935,UP,1,True,0.93-0.96
1465684,33,0.995,DOWN,0,True,>0.96
1465697,18,0.945,DOWN,0,True,0.93-0.96
1465706,34,0.975,DOWN,0,True,>0.96
1465713,37,0.995,UP,1,True,>0.96
1465720,31,0.995,DOWN,0,True,>0.96
1465764,39,0.945,UP,1,True,0.93-0.96
1465777,38,0.98,UP,1,True,>0.96
1465945,40,0.925,UP,1,True,0.90-0.93
1465947,36,0.935,DOWN,0,True,0.93-0.96
1465964,40,0.975,UP,1,True,>0.96
1466019,37,0.975,UP,1,True,>0.96
1466032,37,0.995,UP,1,True,>0.96
1466129,40,0.975,DOWN,0,True,>0.96
1466152,21,0.945,UP,1,True,0.93-0.96
1466157,36,0.915,UP,1,True,0.90-0.93
1466337,32,0.975,DOWN,0,True,>0.96
1466394,37,0.975,DOWN,0,True,>0.96
1466399,32,0.975,DOWN,0,True,>0.96
1466411,35,0.975,UP,1,True,>0.96
1466437,23,0.995,DOWN,0,True,>0.96
1466557,38,0.985,UP,1,True,>0.96
1466576,36,0.925,UP,1,True,0.90-0.93
1466756,38,0.955,DOWN,0,True,0.93-0.96
1466765,14,0.975,UP,1,True,>0.96
1466784,35,0.915,DOWN,0,True,0.90-0.93
1466904,36,0.985,DOWN,0,True,>0.96
1466916,36,0.955,UP,1,True,0.93-0.96
1467153,38,0.935,DOWN,0,True,0.93-0.96
1467191,35,0.945,UP,1,True,0.93-0.96
1467213,39,0.905,DOWN,0,True,0.90-0.93
1467224,36,0.985,DOWN,0,True,>0.96
1467389,34,0.935,DOWN,0,True,0.93-0.96
1467545,37,0.995,DOWN,0,True,>0.96
1467611,28,0.945,UP,1,True,0.93-0.96
1467738,35,0.965,UP,1,True,>0.96
1467961,36,0.895,UP,1,True,0.88-0.90
1468017,37,0.915,DOWN,0,True,0.90-0.93
1468107,38,0.945,DOWN,0,True,0.93-0.96
1468117,36,0.985,DOWN,0,True,>0.96
1468518,32,0.915,UP,1,True,0.90-0.93
1468597,26,0.975,DOWN,0,True,>0.96
1468613,35,0.995,DOWN,0,True,>0.96
1468616,32,0.915,DOWN,0,True,0.90-0.93
1469063,34,0.985,DOWN,0,True,>0.96
1469284,39,0.965,UP,1,True,>0.96
1469526,30,0.995,UP,1,True,>0.96
1469993,41,0.945,UP,1,True,0.93-0.96
1470005,35,0.995,DOWN,0,True,>0.96
1470008,26,0.955,UP,1,True,0.93-0.96
1470151,34,0.945,UP,1,True,0.93-0.96
1470207,38,0.995,DOWN,0,True,>0.96
1470473,29,0.995,DOWN,0,True,>0.96
1470475,34,0.895,UP,1,True,0.88-0.90
1470556,38,0.975,DOWN,0,True,>0.96
1470569,39,0.9,UP,1,True,0.88-0.90
1471171,41,0.965,DOWN,0,True,>0.96
1471438,36,0.955,DOWN,0,True,0.93-0.96
1471449,29,0.995,UP,1,True,>0.96
1471461,40,0.985,DOWN,0,True,>0.96
1471470,36,0.885,DOWN,0,True,0.88-0.90
1471760,31,0.985,UP,1,True,>0.96
1471835,35,0.935,UP,1,True,0.93-0.96
1471943,34,0.975,DOWN,0,True,>0.96
1471954,39,0.985,DOWN,0,True,>0.96
1471964,36,0.945,UP,1,True,0.93-0.96
1471974,39,0.935,UP,1,True,0.93-0.96
1471978,33,0.985,UP,1,True,>0.96
1472060,35,0.995,UP,1,True,>0.96
1472065,35,0.985,UP,1,True,>0.96
1472151,37,0.945,DOWN,0,True,0.93-0.96
1472159,37,0.915,DOWN,0,True,0.90-0.93
1472187,37,0.975,DOWN,0,True,>0.96
1472191,37,0.985,UP,1,True,>0.96
1472203,41,0.975,DOWN,0,True,>0.96
1472245,38,0.985,DOWN,0,True,>0.96
1472248,37,0.935,DOWN,0,True,0.93-0.96
1472347,39,0.995,UP,1,True,>0.96
1472368,38,0.9,UP,1,True,0.88-0.90
1472373,39,0.975,UP,1,True,>0.96
1472378,41,0.925,DOWN,0,True,0.90-0.93
1472429,38,0.945,UP,1,True,0.93-0.96
1472430,35,0.995,DOWN,0,True,>0.96
1472446,38,0.965,UP,1,True,>0.96
1472450,38,0.985,UP,1,True,>0.96
1472527,40,0.905,UP,1,True,0.90-0.93
1472531,37,0.955,UP,1,True,0.93-0.96
1472557,38,0.985,UP,1,True,>0.96
1472576,41,0.915,UP,1,True,0.90-0.93
1472749,36,0.935,UP,1,True,0.93-0.96
1472761,36,0.955,UP,1,True,0.93-0.96
1472763,35,0.935,DOWN,0,True,0.93-0.96
1472772,38,0.915,DOWN,0,True,0.90-0.93
1472782,41,0.955,DOWN,0,True,0.93-0.96
1472786,31,0.885,UP,1,True,0.88-0.90
1472920,39,0.955,UP,1,True,0.93-0.96
1473096,40,0.965,UP,1,True,>0.96
1473229,36,0.945,DOWN,0,True,0.93-0.96
1473233,41,0.915,UP,1,True,0.90-0.93
1473290,41,0.915,UP,1,True,0.90-0.93
1473294,38,0.985,UP,1,True,>0.96
1473299,34,0.985,DOWN,0,True,>0.96
1473922,40,0.945,DOWN,0,True,0.93-0.96
1473929,38,0.995,DOWN,0,True,>0.96
1474004,37,0.925,UP,1,True,0.90-0.93
1474081,42,0.985,DOWN,0,True,>0.96
1474089,37,0.985,DOWN,0,True,>0.96
1474095,42,0.885,UP,1,True,0.88-0.90
1474107,40,0.92,DOWN,0,True,0.90-0.93
1474119,36,0.995,DOWN,0,True,>0.96
1474180,40,0.965,UP,1,True,>0.96
1474191,40,0.965,DOWN,0,True,>0.96
1474225,41,0.985,DOWN,0,True,>0.96
1474228,39,0.955,UP,1,True,0.93-0.96
1474304,39,0.975,DOWN,0,True,>0.96
1474313,37,0.995,UP,1,True,>0.96
1474318,42,0.905,UP,1,True,0.90-0.93
1474328,43,0.935,UP,1,True,0.93-0.96
1474469,36,0.985,DOWN,0,True,>0.96
1474477,38,0.885,UP,1,True,0.88-0.90
1474562,36,0.96,DOWN,0,True,0.93-0.96
1474568,41,0.935,DOWN,0,True,0.93-0.96
1474586,43,0.92,DOWN,0,True,0.90-0.93
1474592,23,0.905,UP,1,True,0.90-0.93
1474601,40,0.965,UP,1,True,>0.96
1474648,39,0.92,UP,1,True,0.90-0.93
1474718,36,0.95,UP,1,True,0.93-0.96
1474802,42,0.995,UP,1,True,>0.96
1474811,33,0.945,DOWN,0,True,0.93-0.96
1474819,38,0.955,DOWN,0,True,0.93-0.96
1474853,40,0.925,DOWN,0,True,0.90-0.93
1474857,40,0.935,DOWN,0,True,0.93-0.96
1474911,35,0.975,DOWN,0,True,>0.96
1474922,36,0.985,UP,1,True,>0.96
1474930,41,0.925,UP,1,True,0.90-0.93
1474932,36,0.975,DOWN,0,True,>0.96
1475054,37,0.925,DOWN,0,True,0.90-0.93
1475061,42,0.955,DOWN,0,True,0.93-0.96
1475077,39,0.945,DOWN,0,True,0.93-0.96
1475213,35,0.945,UP,1,True,0.93-0.96
1475228,41,0.995,DOWN,0,True,>0.96
1475318,39,0.96,DOWN,0,True,0.93-0.96
1475324,38,0.94,DOWN,0,True,0.93-0.96
1475343,40,0.925,UP,1,True,0.90-0.93
1475350,41,0.935,UP,1,True,0.93-0.96
1475357,38,0.925,UP,1,True,0.90-0.93
1475534,36,0.995,DOWN,0,True,>0.96
1475538,36,0.915,DOWN,0,True,0.90-0.93
1475564,31,0.985,DOWN,0,True,>0.96
1475699,35,0.965,UP,1,True,>0.96
1475704,36,0.925,UP,1,True,0.90-0.93
1475718,37,0.975,DOWN,0,True,>0.96
1475743,37,0.975,DOWN,0,True,>0.96
1475809,36,0.975,DOWN,0,True,>0.96
1475819,40,0.985,UP,1,True,>0.96
1475823,36,0.89,UP,1,True,0.88-0.90
1475908,34,0.945,DOWN,0,True,0.93-0.96
1476018,24,0.995,UP,1,True,>0.96
1476021,19,0.995,UP,1,True,>0.96
1476035,39,0.925,UP,1,True,0.90-0.93
1476043,39,0.975,UP,1,True,>0.96
1476164,31,0.935,UP,1,True,0.93-0.96
1476181,38,0.925,UP,1,True,0.90-0.93
1476187,34,0.995,UP,1,True,>0.96
1476279,38,0.975,UP,1,True,>0.96
1476296,38,0.995,UP,1,True,>0.96
1476307,35,0.945,DOWN,0,True,0.93-0.96
1476321,36,0.995,DOWN,0,True,>0.96
1476355,41,0.995,UP,1,True,>0.96
1476362,38,0.945,DOWN,0,True,0.93-0.96
1476494,36,0.915,UP,1,True,0.90-0.93
1476641,36,0.975,DOWN,0,True,>0.96
1476654,36,0.975,DOWN,0,True,>0.96
1477024,41,0.985,UP,1,True,>0.96
1477047,35,0.975,DOWN,0,True,>0.96
1477213,60,0.91,DOWN,0,True,0.90-0.93
1477238,40,0.995,DOWN,0,True,>0.96
1477243,42,0.925,UP,1,True,0.90-0.93
1477370,33,0.955,DOWN,0,True,0.93-0.96
1477383,20,0.975,UP,1,True,>0.96
1477409,20,0.955,DOWN,0,True,0.93-0.96
1477417,40,0.975,DOWN,0,True,>0.96
1477427,37,0.975,DOWN,0,True,>0.96
1477445,35,0.955,UP,1,True,0.93-0.96
1477566,40,0.995,DOWN,0,True,>0.96
1477581,38,0.92,UP,1,True,0.90-0.93
1477589,37,0.91,UP,1,True,0.90-0.93
1477722,31,0.985,DOWN,0,True,>0.96
1477749,34,0.985,UP,1,True,>0.96
1477760,37,0.945,UP,1,True,0.93-0.96
1477774,37,0.985,DOWN,0,True,>0.96
1477799,38,0.945,DOWN,0,True,0.93-0.96
1477826,38,0.975,DOWN,0,True,>0.96
1477840,35,0.995,DOWN,0,True,>0.96
1477845,35,0.905,DOWN,0,True,0.90-0.93
1477979,34,0.935,UP,1,True,0.93-0.96
1478028,36,0.955,UP,1,True,0.93-0.96
1478036,38,0.93,UP,1,True,0.90-0.93
1478043,35,0.91,DOWN,0,True,0.90-0.93
1478052,39,0.905,UP,1,True,0.90-0.93
1478151,37,0.985,UP,1,True,>0.96
1478174,38,0.995,DOWN,0,True,>0.96
1478177,32,0.985,DOWN,0,True,>0.96
1478310,38,0.995,UP,1,True,>0.96
1478429,39,0.905,UP,1,True,0.90-0.93
1478438,41,0.905,UP,1,True,0.90-0.93
1478451,38,0.995,UP,1,True,>0.96
1478549,37,0.935,DOWN,0,True,0.93-0.96
1478575,37,0.985,UP,1,True,>0.96
1478697,39,0.945,UP,1,True,0.93-0.96
1478868,39,0.915,UP,1,True,0.90-0.93
1478882,36,0.965,UP,1,True,>0.96
1478926,39,0.915,DOWN,0,True,0.90-0.93
1479044,38,0.905,UP,1,True,0.90-0.93
1479088,40,0.92,UP,1,True,0.90-0.93
1479101,26,0.915,DOWN,0,True,0.90-0.93
1479175,36,0.985,DOWN,0,True,>0.96
1479242,26,0.975,DOWN,0,True,>0.96
1479516,34,0.995,DOWN,0,True,>0.96
1479549,38,0.885,DOWN,0,True,0.88-0.90
1479577,35,0.955,UP,1,True,0.93-0.96
1479709,35,0.965,UP,1,True,>0.96
1479763,30,0.995,DOWN,0,True,>0.96
1479908,34,0.985,UP,1,True,>0.96
1479916,38,0.955,UP,1,True,0.93-0.96
1479924,38,0.985,DOWN,0,True,>0.96
1479947,34,0.925,UP,1,True,0.90-0.93
1480006,36,0.965,UP,1,True,>0.96
1480086,36,0.985,DOWN,0,True,>0.96
1480099,34,0.975,UP,1,True,>0.96
1480140,32,0.995,DOWN,0,True,>0.96
1480169,41,0.995,DOWN,0,True,>0.96
1480261,12,0.915,DOWN,0,True,0.90-0.93
1480269,34,0.995,DOWN,0,True,>0.96
1480293,37,0.965,UP,1,True,>0.96
1480299,35,0.985,DOWN,0,True,>0.96
1480308,33,0.965,UP,1,True,>0.96
1480316,23,0.975,DOWN,0,True,>0.96
1480354,38,0.985,UP,1,True,>0.96
1480432,40,0.995,DOWN,0,True,>0.96
1480449,36,0.925,UP,1,True,0.90-0.93
1480481,38,0.955,UP,1,True,0.93-0.96
1480520,41,0.965,DOWN,0,True,>0.96
1480524,36,0.995,UP,1,True,>0.96
1480608,28,0.945,DOWN,0,True,0.93-0.96
1480613,40,0.935,DOWN,0,True,0.93-0.96
1480617,34,0.94,UP,1,True,0.93-0.96
1480625,33,0.985,DOWN,0,True,>0.96
1480630,39,0.915,DOWN,0,True,0.90-0.93
1480635,20,0.995,DOWN,0,True,>0.96
1480827,41,0.955,UP,1,True,0.93-0.96
1480846,35,0.985,UP,1,True,>0.96
1480925,39,0.905,UP,1,True,0.90-0.93
1480933,37,0.995,DOWN,0,True,>0.96
1480980,28,0.93,DOWN,0,True,0.90-0.93
1480989,42,0.965,DOWN,0,True,>0.96
1480992,33,0.945,DOWN,0,True,0.93-0.96
1481000,38,0.995,DOWN,0,True,>0.96
1481004,38,0.925,UP,1,True,0.90-0.93
1481555,39,0.995,DOWN,0,True,>0.96
1481561,38,0.985,UP,1,True,>0.96
1481605,33,0.985,UP,1,True,>0.96
1481612,32,0.985,DOWN,0,True,>0.96
1481620,40,0.975,DOWN,0,True,>0.96
1481626,32,0.955,UP,1,True,0.93-0.96
1482059,37,0.975,DOWN,0,True,>0.96
1482062,38,0.935,DOWN,0,True,0.93-0.96
1482076,33,0.965,DOWN,0,True,>0.96
1482084,39,0.98,DOWN,0,True,>0.96
1482108,19,0.915,DOWN,0,True,0.90-0.93
1482126,37,0.995,UP,1,True,>0.96
1482219,38,0.975,DOWN,0,True,>0.96
1482222,40,0.985,DOWN,0,True,>0.96
1482245,34,0.955,DOWN,0,True,0.93-0.96
1482257,33,0.915,UP,1,True,0.90-0.93
1482271,34,0.935,UP,1,True,0.93-0.96
1482285,37,0.955,DOWN,0,True,0.93-0.96
1482384,36,0.985,UP,1,True,>0.96
1482387,39,0.985,DOWN,0,True,>0.96
1482407,40,0.995,UP,1,True,>0.96
1482412,21,0.975,UP,1,True,>0.96
1482420,30,0.935,DOWN,0,True,0.93-0.96
1482585,32,0.975,UP,1,True,>0.96
1482598,21,0.995,DOWN,0,True,>0.96
1482680,34,0.985,DOWN,0,True,>0.96
1482689,40,0.955,UP,1,True,0.93-0.96
1482725,35,0.955,DOWN,0,True,0.93-0.96
1482745,36,0.945,UP,1,True,0.93-0.96
1482779,45,0.985,UP,1,True,>0.96
1482789,23,0.985,UP,1,True,>0.96
1482798,40,0.995,UP,1,True,>0.96
1482877,39,0.955,DOWN,0,True,0.93-0.96
1482927,33,0.975,DOWN,0,True,>0.96
1483145,32,0.985,DOWN,0,True,>0.96
1483162,3,0.895,DOWN,0,True,0.88-0.90
1483238,38,0.965,UP,1,True,>0.96
1483266,38,0.945,DOWN,0,True,0.93-0.96
1483280,34,0.995,UP,1,True,>0.96
1483309,34,0.975,UP,1,True,>0.96
1483323,34,0.945,DOWN,0,True,0.93-0.96
1483409,25,0.975,UP,1,True,>0.96
1483449,34,0.925,DOWN,0,True,0.90-0.93
1483460,38,0.985,UP,1,True,>0.96
1483463,32,0.985,DOWN,0,True,>0.96
1483474,33,0.915,UP,1,True,0.90-0.93
1483541,36,0.98,DOWN,0,True,>0.96
1483671,34,0.985,DOWN,0,True,>0.96
1483675,31,0.975,UP,1,True,>0.96
1483677,36,0.925,UP,1,True,0.90-0.93
1483687,38,0.985,UP,1,True,>0.96
1483690,36,0.965,UP,1,True,>0.96
1483699,37,0.985,UP,1,True,>0.96
1483708,20,0.995,DOWN,0,True,>0.96
1483756,41,0.985,UP,1,True,>0.96
1483759,39,0.955,DOWN,0,True,0.93-0.96
1483845,27,0.945,DOWN,0,True,0.93-0.96
1483855,34,0.985,UP,1,True,>0.96
1483917,38,0.985,DOWN,0,True,>0.96
1483921,35,0.955,DOWN,0,True,0.93-0.96
1483929,36,0.925,DOWN,0,True,0.90-0.93
1483936,33,0.995,UP,1,True,>0.96
1484902,35,0.985,DOWN,0,True,>0.96
1484985,37,0.965,DOWN,0,True,>0.96
1485203,36,0.945,UP,1,True,0.93-0.96
1485241,39,0.995,DOWN,0,True,>0.96
1485250,31,0.985,UP,1,True,>0.96
1485274,35,0.94,UP,1,True,0.93-0.96
1485446,35,0.995,DOWN,0,True,>0.96
1485611,33,0.985,UP,1,True,>0.96
1485621,38,0.985,UP,1,True,>0.96
1485650,32,0.975,UP,1,True,>0.96
1485657,32,0.915,UP,1,True,0.90-0.93
1485663,15,0.985,DOWN,0,True,>0.96
1485768,35,0.995,DOWN,0,True,>0.96
1485775,34,0.985,UP,1,True,>0.96
1485951,33,0.93,UP,1,True,0.90-0.93
1485997,36,0.975,DOWN,0,True,>0.96
1486010,35,0.895,DOWN,0,True,0.88-0.90
1486025,36,0.985,UP,1,True,>0.96
1486061,29,0.98,DOWN,0,True,>0.96
1486064,36,0.955,DOWN,0,True,0.93-0.96
1486152,33,0.975,DOWN,0,True,>0.96
1486308,36,0.905,UP,1,True,0.90-0.93
1486417,36,0.975,UP,1,True,>0.96
1486449,34,0.925,UP,1,True,0.90-0.93
1486452,30,0.975,DOWN,0,True,>0.96
1486461,36,0.996,DOWN,0,True,>0.96
1486486,33,0.975,DOWN,0,True,>0.96
1486711,36,0.995,DOWN,0,True,>0.96
1486725,35,0.965,UP,1,True,>0.96
1486727,33,0.915,UP,1,True,0.90-0.93
1486818,38,0.985,UP,1,True,>0.96
1486824,34,0.935,UP,1,True,0.93-0.96
1486996,38,0.985,UP,1,True,>0.96
1487043,32,0.965,DOWN,0,True,>0.96
1487141,35,0.975,UP,1,True,>0.96
1487293,20,0.995,DOWN,0,True,>0.96
1487668,34,0.945,DOWN,0,True,0.93-0.96
1487676,32,0.95,DOWN,0,True,0.93-0.96
1487823,34,0.965,UP,1,True,>0.96
1487863,38,0.985,DOWN,0,True,>0.96
1487875,31,0.985,UP,1,True,>0.96
1487899,34,0.945,UP,1,True,0.93-0.96
1487912,20,0.965,UP,1,True,>0.96
1487948,23,0.975,DOWN,0,True,>0.96
1488094,33,0.93,UP,1,True,0.90-0.93
1488096,32,0.935,UP,1,True,0.93-0.96
1488108,35,0.945,UP,1,True,0.93-0.96
1488113,15,0.925,DOWN,0,True,0.90-0.93
1488453,32,0.98,UP,1,True,>0.96
1488472,34,0.975,DOWN,0,True,>0.96
1488602,32,0.995,DOWN,0,True,>0.96
1488609,36,0.985,DOWN,0,True,>0.96
1488619,33,0.975,DOWN,0,True,>0.96
1488665,37,0.935,UP,1,True,0.93-0.96
1488800,34,0.905,DOWN,0,True,0.90-0.93
1488829,29,0.925,UP,1,True,0.90-0.93
1489272,40,0.975,DOWN,0,True,>0.96
1489300,37,0.915,UP,1,True,0.90-0.93
1489305,36,0.995,UP,1,True,>0.96
1489318,32,0.98,UP,1,True,>0.96
1489773,38,0.925,DOWN,0,True,0.90-0.93
1489778,32,0.915,DOWN,0,True,0.90-0.93
1490003,34,0.995,UP,1,True,>0.96
1490021,38,0.945,DOWN,0,True,0.93-0.96
1490206,40,0.985,UP,1,True,>0.96
1490223,20,0.94,UP,1,True,0.93-0.96
1490229,36,0.985,UP,1,True,>0.96
1490254,34,0.985,UP,1,True,>0.96
1490272,34,0.995,UP,1,True,>0.96
1490275,39,0.995,DOWN,0,True,>0.96
1490437,35,0.995,UP,1,True,>0.96
1490445,38,0.995,UP,1,True,>0.96
1490450,36,0.995,UP,1,True,>0.96
1490481,35,0.975,UP,1,True,>0.96
1490483,33,0.985,DOWN,0,True,>0.96
1490510,32,0.975,UP,1,True,>0.96
1490656,36,0.975,UP,1,True,>0.96
1490729,37,0.995,UP,1,True,>0.96
1490733,34,0.965,UP,1,True,>0.96
1490743,33,0.995,DOWN,0,True,>0.96
1490787,33,0.985,UP,1,True,>0.96
1490792,37,0.975,DOWN,0,True,>0.96
1490932,31,0.985,DOWN,0,True,>0.96
1490939,39,0.975,DOWN,0,True,>0.96
1490947,36,0.955,UP,1,True,0.93-0.96
1490958,39,0.985,DOWN,0,True,>0.96
1490969,36,0.965,DOWN,0,True,>0.96
1490977,37,0.915,UP,1,True,0.90-0.93
1491150,30,0.925,UP,1,True,0.90-0.93
1491193,34,0.925,DOWN,0,True,0.90-0.93
1491201,35,0.985,UP,1,True,>0.96
1491343,37,0.945,DOWN,0,True,0.93-0.96
1491355,31,0.965,DOWN,0,True,>0.96
1491364,34,0.995,DOWN,0,True,>0.96
1491369,33,0.985,UP,1,True,>0.96
1491381,38,0.975,UP,1,True,>0.96
1491443,33,0.915,DOWN,0,True,0.90-0.93
1491492,60,0.965,DOWN,0,True,>0.96
1491636,38,0.985,DOWN,0,True,>0.96
1491645,31,0.975,DOWN,0,True,>0.96
1491659,39,0.985,UP,1,True,>0.96
1491665,35,0.965,UP,1,True,>0.96
1491833,34,0.995,UP,1,True,>0.96
1491859,35,0.97,UP,1,True,>0.96
1491863,25,0.995,DOWN,0,True,>0.96
1491999,37,0.915,UP,1,True,0.90-0.93
1492043,30,0.905,DOWN,0,True,0.90-0.93
1492058,33,0.975,UP,1,True,>0.96
1492071,34,0.92,UP,1,True,0.90-0.93
1492075,30,0.955,UP,1,True,0.93-0.96
1492175,36,0.925,UP,1,True,0.90-0.93
1492325,34,0.955,UP,1,True,0.93-0.96
1492338,34,0.985,DOWN,0,True,>0.96
1492341,37,0.985,DOWN,0,True,>0.96
1492344,38,0.975,UP,1,True,>0.96
1492372,35,0.965,DOWN,0,True,>0.96
1492415,37,0.995,UP,1,True,>0.96
1492445,35,0.985,UP,1,True,>0.96
1492579,35,0.925,UP,1,True,0.90-0.93
1492586,34,0.915,DOWN,0,True,0.90-0.93
1492621,36,0.985,UP,1,True,>0.96
1492632,34,0.945,DOWN,0,True,0.93-0.96
1492639,36,0.985,UP,1,True,>0.96
1492648,33,0.895,UP,1,True,0.88-0.90
1492694,34,0.915,UP,1,True,0.90-0.93
1492718,32,0.945,DOWN,0,True,0.93-0.96
1492731,33,0.965,DOWN,0,True,>0.96
1492928,35,0.995,UP,1,True,>0.96
1492957,32,0.905,UP,1,True,0.90-0.93
1493138,34,0.935,UP,1,True,0.93-0.96
1493173,33,0.975,UP,1,True,>0.96
1493231,34,0.915,UP,1,True,0.90-0.93
1493456,32,0.985,DOWN,0,True,>0.96
1493505,30,0.98,UP,1,True,>0.96
1493519,37,0.965,UP,1,True,>0.96
1493687,32,0.905,DOWN,0,True,0.90-0.93
1493743,31,0.955,DOWN,0,True,0.93-0.96
1493923,32,0.985,UP,1,True,>0.96
1493946,34,0.93,DOWN,0,True,0.90-0.93
1494003,37,0.965,UP,1,True,>0.96
1494303,30,0.955,UP,1,True,0.93-0.96
1494350,37,0.995,UP,1,True,>0.96
1494363,25,0.995,DOWN,0,True,>0.96
1494378,31,0.925,DOWN,0,True,0.90-0.93
1494394,37,0.935,UP,1,True,0.93-0.96
1494397,31,0.905,DOWN,0,True,0.90-0.93
1494598,36,0.995,DOWN,0,True,>0.96
1494603,37,0.975,UP,1,True,>0.96
1494685,31,0.965,DOWN,0,True,>0.96
1494705,29,0.945,DOWN,0,True,0.93-0.96
1494709,34,0.905,UP,1,True,0.90-0.93
1494726,32,0.935,DOWN,0,True,0.93-0.96
1494745,35,0.975,DOWN,0,True,>0.96
1494831,36,0.895,UP,1,True,0.88-0.90
1495106,31,0.955,UP,1,True,0.93-0.96
1495127,39,0.985,DOWN,0,True,>0.96
1495165,36,0.945,UP,1,True,0.93-0.96
1495180,15,0.945,DOWN,0,True,0.93-0.96
1495202,30,0.915,DOWN,0,True,0.90-0.93
1495225,32,0.945,DOWN,0,True,0.93-0.96
1495793,38,0.975,DOWN,0,True,>0.96
1495801,36,0.95,DOWN,0,True,0.93-0.96
1495830,32,0.925,UP,1,True,0.90-0.93
1495840,35,0.915,UP,1,True,0.90-0.93
1496063,35,0.985,DOWN,0,True,>0.96
1496074,34,0.91,DOWN,0,True,0.90-0.93
1496080,31,0.995,UP,1,True,>0.96
1496191,35,0.885,UP,1,True,0.88-0.90
1496246,36,0.955,DOWN,0,True,0.93-0.96
1496330,34,0.94,UP,1,True,0.93-0.96
1496333,34,0.985,UP,1,True,>0.96
1496345,33,0.96,DOWN,0,True,0.93-0.96
1496348,36,0.965,UP,1,True,>0.96
1496351,34,0.975,DOWN,0,True,>0.96
1496363,36,0.985,DOWN,0,True,>0.96
1496414,34,0.945,DOWN,0,True,0.93-0.96
1496455,35,0.895,UP,1,True,0.88-0.90
1496461,31,0.945,UP,1,True,0.93-0.96
1496520,30,0.98,DOWN,0,True,>0.96
1496526,42,0.995,DOWN,0,True,>0.96
1496598,38,0.935,UP,1,True,0.93-0.96
1496606,36,0.975,DOWN,0,True,>0.96
1496616,39,0.925,DOWN,0,True,0.90-0.93
1496632,26,0.95,DOWN,0,True,0.93-0.96
1496643,42,0.905,UP,1,True,0.90-0.93
1496698,37,0.965,DOWN,0,True,>0.96
1496714,37,0.995,DOWN,0,True,>0.96
1496739,41,0.975,UP,1,True,>0.96
1496744,36,0.965,UP,1,True,>0.96
1496828,41,0.995,DOWN,0,True,>0.96
1496859,40,0.915,UP,1,True,0.90-0.93
1496920,38,0.985,DOWN,0,True,>0.96
1496922,38,0.945,DOWN,0,True,0.93-0.96
1497218,27,0.995,DOWN,0,True,>0.96
1497264,39,0.915,UP,1,True,0.90-0.93
1497273,40,0.945,UP,1,True,0.93-0.96
1497292,41,0.915,DOWN,0,True,0.90-0.93
1497574,33,0.985,UP,1,True,>0.96
1497648,40,0.945,DOWN,0,True,0.93-0.96
1497650,32,0.985,DOWN,0,True,>0.96
1497657,41,0.995,DOWN,0,True,>0.96
1497673,40,0.995,DOWN,0,True,>0.96
1497696,39,0.985,UP,1,True,>0.96
1497711,34,0.985,DOWN,0,True,>0.96
1497795,35,0.985,UP,1,True,>0.96
1497803,40,0.965,UP,1,True,>0.96
1497819,38,0.985,DOWN,0,True,>0.96
1497822,35,0.995,UP,1,True,>0.96
1497933,37,0.985,UP,1,True,>0.96
1497941,35,0.935,UP,1,True,0.93-0.96
1497947,38,0.945,UP,1,True,0.93-0.96
1498014,37,0.975,DOWN,0,True,>0.96
1498047,35,0.915,UP,1,True,0.90-0.93
1498057,34,0.93,DOWN,0,True,0.90-0.93
1498068,32,0.945,DOWN,0,True,0.93-0.96
1498262,36,0.985,UP,1,True,>0.96
1498333,31,0.975,UP,1,True,>0.96
1498339,37,0.985,UP,1,True,>0.96
1498346,35,0.995,UP,1,True,>0.96
1498358,26,0.975,UP,1,True,>0.96
1498360,22,0.995,DOWN,0,True,>0.96
1498549,35,0.985,DOWN,0,True,>0.96
1498559,37,0.985,DOWN,0,True,>0.96
1498632,33,0.975,DOWN,0,True,>0.96
1498638,35,0.955,DOWN,0,True,0.93-0.96
1498644,39,0.9995,UP,1,True,>0.96
1498653,32,0.97,DOWN,0,True,>0.96
1498659,37,0.985,DOWN,0,True,>0.96
1498710,27,0.945,UP,1,True,0.93-0.96
1498717,36,0.995,DOWN,0,True,>0.96
1498727,25,0.995,UP,1,True,>0.96
1498800,34,0.995,DOWN,0,True,>0.96
1498834,37,0.915,DOWN,0,True,0.90-0.93
1498855,38,0.945,UP,1,True,0.93-0.96
1498863,38,0.905,UP,1,True,0.90-0.93
1498872,37,0.98,DOWN,0,True,>0.96
1498960,26,0.935,DOWN,0,True,0.93-0.96
1498968,24,0.945,DOWN,0,True,0.93-0.96
1499036,36,0.955,DOWN,0,True,0.93-0.96
1499077,34,0.975,DOWN,0,True,>0.96
1499084,40,0.935,UP,1,True,0.93-0.96
1499092,42,0.975,UP,1,True,>0.96
1499161,37,0.935,DOWN,0,True,0.93-0.96
1499184,39,0.985,DOWN,0,True,>0.96
1499252,38,0.965,DOWN,0,True,>0.96
1499285,39,0.915,UP,1,True,0.90-0.93
1499292,37,0.935,UP,1,True,0.93-0.96
1499482,28,0.925,UP,1,True,0.90-0.93
1499487,31,0.995,DOWN,0,True,>0.96
1499508,42,0.905,DOWN,0,True,0.90-0.93
1499612,34,0.995,DOWN,0,True,>0.96
1499654,33,0.925,UP,1,True,0.90-0.93
1499659,39,0.985,UP,1,True,>0.96
1499675,42,0.9,DOWN,0,True,0.88-0.90
1499706,26,0.9965,UP,1,True,>0.96
1499713,37,0.935,DOWN,0,True,0.93-0.96
1499751,36,0.975,DOWN,0,True,>0.96
1499777,41,0.995,DOWN,0,True,>0.96
1499810,39,0.985,UP,1,True,>0.96
1499882,41,0.955,UP,1,True,0.93-0.96
1499971,39,0.965,UP,1,True,>0.96
1499980,39,0.955,UP,1,True,0.93-0.96
1500162,28,0.985,UP,1,True,>0.96
1500209,34,0.995,UP,1,True,>0.96
1500216,41,0.995,DOWN,0,True,>0.96
1500340,38,0.985,DOWN,0,True,>0.96
1500385,41,0.94,DOWN,0,True,0.93-0.96
1500415,33,0.965,UP,1,True,>0.96
1500554,36,0.975,DOWN,0,True,>0.96
1500584,39,0.975,UP,1,True,>0.96
1500592,38,0.935,UP,1,True,0.93-0.96
1500596,34,0.935,UP,1,True,0.93-0.96
1500728,35,0.935,DOWN,0,True,0.93-0.96
1500799,34,0.935,UP,1,True,0.93-0.96
1500829,41,0.925,UP,1,True,0.90-0.93
1500880,36,0.965,UP,1,True,>0.96
1500902,35,0.985,UP,1,True,>0.96
1500923,22,0.955,UP,1,True,0.93-0.96
1501124,38,0.915,DOWN,0,True,0.90-0.93
1501147,35,0.985,DOWN,0,True,>0.96
1501156,41,0.935,DOWN,0,True,0.93-0.96
1501193,39,0.965,UP,1,True,>0.96
1501203,41,0.975,UP,1,True,>0.96
1501229,41,0.965,DOWN,0,True,>0.96
1501513,39,0.985,UP,1,True,>0.96
1501520,42,0.925,UP,1,True,0.90-0.93
1501685,35,0.975,DOWN,0,True,>0.96
1501729,36,0.925,UP,1,True,0.90-0.93
1501912,40,0.965,UP,1,True,>0.96
1501916,39,0.945,UP,1,True,0.93-0.96
1502099,38,0.955,UP,1,True,0.93-0.96
1502162,39,0.995,DOWN,0,True,>0.96
1502176,39,0.885,UP,1,True,0.88-0.90
1502181,37,0.995,DOWN,0,True,>0.96
1502245,36,0.975,UP,1,True,>0.96
1502290,34,0.92,UP,1,True,0.90-0.93
1502457,31,0.935,UP,1,True,0.93-0.96
1502619,37,0.985,DOWN,0,True,>0.96
1503220,37,0.895,DOWN,0,True,0.88-0.90
1503468,37,0.925,UP,1,True,0.90-0.93
1503852,39,0.995,DOWN,0,True,>0.96
1503868,36,0.9995,UP,1,True,>0.96
1503876,36,0.95,UP,1,True,0.93-0.96
1503881,36,0.985,UP,1,True,>0.96
1503892,24,0.955,UP,1,True,0.93-0.96
1503967,37,0.95,UP,1,True,0.93-0.96
1503972,37,0.975,UP,1,True,>0.96
1504110,39,0.975,DOWN,0,True,>0.96
1504148,37,0.925,UP,1,True,0.90-0.93
1504151,35,0.985,DOWN,0,True,>0.96
1504176,19,0.965,DOWN,0,True,>0.96
1504211,40,0.95,DOWN,0,True,0.93-0.96
1504314,41,0.9,DOWN,0,True,0.88-0.90
1504319,35,0.985,UP,1,True,>0.96
1504412,36,0.965,DOWN,0,True,>0.96
1504577,41,0.965,DOWN,0,True,>0.96
1504580,40,0.995,DOWN,0,True,>0.96
1504801,34,0.995,DOWN,0,True,>0.96
1504916,35,0.995,DOWN,0,True,>0.96
1504938,37,0.975,DOWN,0,True,>0.96
1504952,40,0.975,UP,1,True,>0.96
1505211,40,0.955,UP,1,True,0.93-0.96
1505453,40,0.985,UP,1,True,>0.96
1505457,21,0.975,DOWN,0,True,>0.96
1505470,34,0.995,UP,1,True,>0.96
1505474,36,0.935,UP,1,True,0.93-0.96
1505478,40,0.985,UP,1,True,>0.96
1505485,40,0.965,DOWN,0,True,>0.96
1505533,36,0.9965,UP,1,True,>0.96
1505567,35,0.905,DOWN,0,True,0.90-0.93
1505568,42,0.985,DOWN,0,True,>0.96
1505674,39,0.965,UP,1,True,>0.96
1505676,42,0.995,UP,1,True,>0.96
1505683,38,0.985,UP,1,True,>0.96
1505689,36,0.995,UP,1,True,>0.96
1505692,27,0.935,DOWN,0,True,0.93-0.96
1505697,40,0.98,UP,1,True,>0.96
1505729,37,0.905,DOWN,0,True,0.90-0.93
1505730,36,0.985,DOWN,0,True,>0.96
1505854,40,0.965,DOWN,0,True,>0.96
1505905,36,0.915,DOWN,0,True,0.90-0.93
1505938,36,0.925,DOWN,0,True,0.90-0.93
1505955,37,0.945,DOWN,0,True,0.93-0.96
1505961,42,0.995,DOWN,0,True,>0.96
1506068,41,0.925,DOWN,0,True,0.90-0.93
1506077,35,0.95,DOWN,0,True,0.93-0.96
1506093,41,0.985,UP,1,True,>0.96
1506102,42,0.925,UP,1,True,0.90-0.93
1506110,36,0.905,DOWN,0,True,0.90-0.93
1506116,28,0.985,UP,1,True,>0.96
1506128,40,0.975,UP,1,True,>0.96
1506260,41,0.975,UP,1,True,>0.96
1506273,37,0.9955,DOWN,0,True,>0.96
1506498,37,0.955,UP,1,True,0.93-0.96
1506625,39,0.955,UP,1,True,0.93-0.96
1506634,32,0.98,DOWN,0,True,>0.96
1506728,38,0.945,UP,1,True,0.93-0.96
1506837,35,0.995,UP,1,True,>0.96
1506842,37,0.9,DOWN,0,True,0.88-0.90
1506848,34,0.995,DOWN,0,True,>0.96
1506858,37,0.97,DOWN,0,True,>0.96
1506876,38,0.985,UP,1,True,>0.96
1506986,32,0.925,UP,1,True,0.90-0.93
1507204,37,0.945,DOWN,0,True,0.93-0.96
1507290,39,0.995,DOWN,0,True,>0.96
1507313,36,0.995,DOWN,0,True,>0.96
1507419,33,0.95,UP,1,True,0.93-0.96
1507438,14,0.985,DOWN,0,True,>0.96
1507448,35,0.975,DOWN,0,True,>0.96
1507535,29,0.985,UP,1,True,>0.96
1507553,33,0.9955,UP,1,True,>0.96
1507658,33,0.985,UP,1,True,>0.96
1507669,32,0.975,UP,1,True,>0.96
1507725,21,0.985,DOWN,0,True,>0.96
1507743,35,0.985,UP,1,True,>0.96
1507749,35,0.995,DOWN,0,True,>0.96
1507759,37,0.975,DOWN,0,True,>0.96
1507763,37,0.985,DOWN,0,True,>0.96
1507803,38,0.975,UP,1,True,>0.96
1507876,33,0.985,UP,1,True,>0.96
1507889,34,0.995,DOWN,0,True,>0.96
1508073,33,0.985,UP,1,True,>0.96
1508128,37,0.995,UP,1,True,>0.96
1508157,34,0.91,DOWN,0,True,0.90-0.93
1508332,22,0.93,UP,1,True,0.90-0.93
1508642,36,0.975,DOWN,0,True,>0.96
1508717,36,0.975,DOWN,0,True,>0.96
1508726,35,0.985,UP,1,True,>0.96
1508919,26,0.9995,UP,1,True,>0.96
1508946,36,0.985,UP,1,True,>0.96
1508953,35,0.995,UP,1,True,>0.96
1509170,39,0.965,DOWN,0,True,>0.96
1509175,34,0.965,UP,1,True,>0.96
1509184,35,0.905,DOWN,0,True,0.90-0.93
1509197,35,0.935,DOWN,0,True,0.93-0.96
1509205,37,0.975,DOWN,0,True,>0.96
1509369,38,0.945,UP,1,True,0.93-0.96
1509409,19,0.995,UP,1,True,>0.96
1509581,38,0.95,DOWN,0,True,0.93-0.96
1509624,38,0.995,DOWN,0,True,>0.96
1509830,38,0.975,UP,1,True,>0.96
1509873,40,0.905,UP,1,True,0.90-0.93
1509927,37,0.995,DOWN,0,True,>0.96
1510091,39,0.965,UP,1,True,>0.96
1510126,37,0.985,DOWN,0,True,>0.96
1510189,33,0.94,UP,1,True,0.93-0.96
1510536,41,0.975,UP,1,True,>0.96
1510541,39,0.965,UP,1,True,>0.96
1511117,34,0.915,DOWN,0,True,0.90-0.93
1511145,33,0.975,UP,1,True,>0.96
1511498,40,0.985,DOWN,0,True,>0.96
1511675,38,0.975,UP,1,True,>0.96
1511836,38,0.985,UP,1,True,>0.96
1511885,38,0.925,UP,1,True,0.90-0.93
1511937,37,0.995,DOWN,0,True,>0.96
1512056,26,0.905,DOWN,0,True,0.90-0.93
1512086,38,0.905,UP,1,True,0.90-0.93
1512226,34,0.995,DOWN,0,True,>0.96
1512275,35,0.885,UP,1,True,0.88-0.90
1512280,34,0.945,UP,1,True,0.93-0.96
1512299,38,0.995,UP,1,True,>0.96
1512321,34,0.955,UP,1,True,0.93-0.96
1512328,41,0.995,UP,1,True,>0.96
1512415,34,0.985,DOWN,0,True,>0.96
1512450,36,0.905,UP,1,True,0.90-0.93
1512456,39,0.905,DOWN,0,True,0.90-0.93
1512465,41,0.995,DOWN,0,True,>0.96
1512496,40,0.96,UP,1,True,0.93-0.96
1512500,40,0.985,UP,1,True,>0.96
1512592,37,0.955,UP,1,True,0.93-0.96
1512613,39,0.905,UP,1,True,0.90-0.93
1512623,34,0.915,DOWN,0,True,0.90-0.93
1512719,34,0.91,UP,1,True,0.90-0.93
1512774,41,0.985,DOWN,0,True,>0.96
1512864,39,0.965,DOWN,0,True,>0.96
1512877,37,0.955,DOWN,0,True,0.93-0.96
1512887,35,0.975,UP,1,True,>0.96
1512888,38,0.92,UP,1,True,0.90-0.93
1512892,35,0.955,DOWN,0,True,0.93-0.96
1513182,37,0.985,DOWN,0,True,>0.96
1513346,30,0.945,DOWN,0,True,0.93-0.96
1513347,41,0.945,DOWN,0,True,0.93-0.96
1513372,40,0.935,DOWN,0,True,0.93-0.96
1513380,41,0.985,DOWN,0,True,>0.96
1513436,31,0.905,UP,1,True,0.90-0.93
1513440,42,0.975,DOWN,0,True,>0.96
1513507,40,0.935,DOWN,0,True,0.93-0.96
1513509,40,0.985,UP,1,True,>0.96
1513605,32,0.965,UP,1,True,>0.96
1513624,42,0.975,DOWN,0,True,>0.96
1513631,36,0.995,UP,1,True,>0.96
1513641,42,0.955,UP,1,True,0.93-0.96
1513663,36,0.905,UP,1,True,0.90-0.93
1513669,34,0.965,DOWN,0,True,>0.96
1513787,40,0.995,UP,1,True,>0.96
1513796,33,0.995,UP,1,True,>0.96
1513817,36,0.95,DOWN,0,True,0.93-0.96
1513861,42,0.985,DOWN,0,True,>0.96
1513884,42,0.985,UP,1,True,>0.96
1514003,37,0.945,DOWN,0,True,0.93-0.96
1514007,39,0.955,UP,1,True,0.93-0.96
1514137,35,0.985,DOWN,0,True,>0.96
1514142,38,0.92,DOWN,0,True,0.90-0.93
1514154,37,0.94,DOWN,0,True,0.93-0.96
1514162,40,0.975,UP,1,True,>0.96
1514177,41,0.975,DOWN,0,True,>0.96
1514368,38,0.995,UP,1,True,>0.96
1514460,32,0.945,DOWN,0,True,0.93-0.96
1514498,38,0.945,DOWN,0,True,0.93-0.96
1514537,36,0.955,DOWN,0,True,0.93-0.96
1514550,37,0.975,DOWN,0,True,>0.96
1514647,38,0.885,UP,1,True,0.88-0.90
1514664,37,0.985,DOWN,0,True,>0.96
1514680,39,0.955,DOWN,0,True,0.93-0.96
1514690,34,0.955,DOWN,0,True,0.93-0.96
1514695,38,0.995,UP,1,True,>0.96
1514817,38,0.925,UP,1,True,0.90-0.93
1514829,38,0.985,DOWN,0,True,>0.96
1514943,38,0.975,DOWN,0,True,>0.96
1514984,35,0.995,DOWN,0,True,>0.96
1514992,18,0.995,DOWN,0,True,>0.96
1515086,34,0.965,UP,1,True,>0.96
1515110,34,0.985,UP,1,True,>0.96
1515356,34,0.915,UP,1,True,0.90-0.93
1515386,42,0.975,DOWN,0,True,>0.96
1515404,24,0.905,UP,1,True,0.90-0.93
1515615,41,0.995,DOWN,0,True,>0.96
1515619,38,0.905,UP,1,True,0.90-0.93
1515984,33,0.915,UP,1,True,0.90-0.93
1516186,27,0.985,UP,1,True,>0.96
1516388,38,0.905,DOWN,0,True,0.90-0.93
1516449,41,0.915,DOWN,0,True,0.90-0.93
1516734,39,0.985,DOWN,0,True,>0.96
1516910,40,0.925,DOWN,0,True,0.90-0.93
1517358,42,0.975,DOWN,0,True,>0.96
1517456,38,0.955,DOWN,0,True,0.93-0.96
1517783,22,0.995,UP,1,True,>0.96
1518147,38,0.945,DOWN,0,True,0.93-0.96
1518218,40,0.905,UP,1,True,0.90-0.93
1518495,34,0.945,DOWN,0,True,0.93-0.96
1518512,35,0.94,DOWN,0,True,0.93-0.96
1519093,35,0.92,UP,1,True,0.90-0.93
1519129,28,0.955,DOWN,0,True,0.93-0.96
1519222,39,0.92,UP,1,True,0.90-0.93
1519481,38,0.965,DOWN,0,True,>0.96
1519629,41,0.955,UP,1,True,0.93-0.96
1519855,36,0.985,UP,1,True,>0.96
1519856,34,0.925,UP,1,True,0.90-0.93
1519880,42,0.965,DOWN,0,True,>0.96
1520102,35,0.995,UP,1,True,>0.96
1520110,32,0.995,DOWN,0,True,>0.96
1520114,38,0.945,DOWN,0,True,0.93-0.96
1520173,40,0.905,DOWN,0,True,0.90-0.93
1520188,36,0.935,UP,1,True,0.93-0.96
1520394,40,0.925,DOWN,0,True,0.90-0.93
1520565,24,0.925,DOWN,0,True,0.90-0.93
1520570,36,0.985,DOWN,0,True,>0.96
1520876,39,0.965,UP,1,True,>0.96
1520888,40,0.975,UP,1,True,>0.96
1521033,42,0.975,UP,1,True,>0.96
1521054,40,0.965,UP,1,True,>0.96
1521070,39,0.905,DOWN,0,True,0.90-0.93
1521202,40,0.94,DOWN,0,True,0.93-0.96
1521292,42,0.995,DOWN,0,True,>0.96
1521437,41,0.955,UP,1,True,0.93-0.96
1521450,38,0.955,DOWN,0,True,0.93-0.96
1521462,36,0.955,UP,1,True,0.93-0.96
1521603,21,0.975,UP,1,True,>0.96
1522083,39,0.995,UP,1,True,>0.96
1522152,40,0.975,UP,1,True,>0.96
1522333,42,0.975,DOWN,0,True,>0.96
1522418,38,0.935,UP,1,True,0.93-0.96
1522427,38,0.915,UP,1,True,0.90-0.93
1522600,41,0.94,UP,1,True,0.93-0.96
1522630,38,0.985,DOWN,0,True,>0.96
1522822,35,0.995,DOWN,0,True,>0.96
1522828,39,0.995,DOWN,0,True,>0.96
1522986,38,0.985,UP,1,True,>0.96
1523028,36,0.91,UP,1,True,0.90-0.93
1523455,41,0.945,UP,1,True,0.93-0.96
1523462,28,0.925,DOWN,0,True,0.90-0.93
1523468,40,0.995,DOWN,0,True,>0.96
1523608,36,0.965,UP,1,True,>0.96
1523617,43,0.995,UP,1,True,>0.96
1523658,39,0.965,UP,1,True,>0.96
1523664,36,0.975,DOWN,0,True,>0.96
1523682,39,0.905,UP,1,True,0.90-0.93
1523697,42,0.925,DOWN,0,True,0.90-0.93
1523782,37,0.995,DOWN,0,True,>0.96
1523923,41,0.985,UP,1,True,>0.96
1523933,41,0.985,UP,1,True,>0.96
1523940,41,0.985,DOWN,0,True,>0.96
1523957,40,0.935,UP,1,True,0.93-0.96
1524010,42,0.925,UP,1,True,0.90-0.93
1524213,42,0.995,DOWN,0,True,>0.96
1524226,29,0.965,UP,1,True,>0.96
1524239,40,0.985,DOWN,0,True,>0.96
1524248,41,0.955,UP,1,True,0.93-0.96
1524524,36,0.955,DOWN,0,True,0.93-0.96
1524713,23,0.92,DOWN,0,True,0.90-0.93
1524927,37,0.965,DOWN,0,True,>0.96
1524951,37,0.905,DOWN,0,True,0.90-0.93
1525384,36,0.945,UP,1,True,0.93-0.96
1525592,41,0.96,DOWN,0,True,0.93-0.96
1525888,40,0.965,DOWN,0,True,>0.96
1525893,37,0.925,UP,1,True,0.90-0.93
1526005,37,0.905,UP,1,True,0.90-0.93
1526196,37,0.985,UP,1,True,>0.96
1526224,37,0.97,UP,1,True,>0.96
1526266,42,0.905,DOWN,0,True,0.90-0.93
1526392,38,0.915,DOWN,0,True,0.90-0.93
1526411,40,0.955,DOWN,0,True,0.93-0.96
1526608,41,0.975,UP,1,True,>0.96
1526615,39,0.935,DOWN,0,True,0.93-0.96
1526680,41,0.995,UP,1,True,>0.96
1526685,43,0.935,UP,1,True,0.93-0.96
1526854,36,0.925,DOWN,0,True,0.90-0.93
1526870,37,0.965,DOWN,0,True,>0.96
1527268,43,0.985,DOWN,0,True,>0.96
1527279,41,0.955,UP,1,True,0.93-0.96
1527367,42,0.955,DOWN,0,True,0.93-0.96
1527383,40,0.935,UP,1,True,0.93-0.96
1527722,41,0.955,UP,1,True,0.93-0.96
1527995,43,0.905,UP,1,True,0.90-0.93
1528016,43,0.975,DOWN,0,True,>0.96
1528304,31,0.975,UP,1,True,>0.96
1528353,35,0.955,DOWN,0,True,0.93-0.96
1528372,41,0.94,DOWN,0,True,0.93-0.96
1528390,35,0.905,DOWN,0,True,0.90-0.93
1528398,44,0.975,DOWN,0,True,>0.96
1528811,40,0.945,DOWN,0,True,0.93-0.96
1528822,43,0.955,UP,1,True,0.93-0.96
1528856,37,0.985,UP,1,True,>0.96
1528996,38,0.965,DOWN,0,True,>0.96
1529024,41,0.925,UP,1,True,0.90-0.93
1529072,40,0.965,UP,1,True,>0.96
1529115,44,0.925,UP,1,True,0.90-0.93
1529117,44,0.985,DOWN,0,True,>0.96
1529222,38,0.935,UP,1,True,0.93-0.96
1529516,41,0.985,UP,1,True,>0.96
1529536,42,0.885,DOWN,0,True,0.88-0.90
1529562,42,0.995,DOWN,0,True,>0.96
1529579,40,0.955,UP,1,True,0.93-0.96
1529589,44,0.935,DOWN,0,True,0.93-0.96
1529716,43,0.985,DOWN,0,True,>0.96
1529723,41,0.965,UP,1,True,>0.96
1529734,37,0.955,UP,1,True,0.93-0.96
1529739,33,0.9995,UP,1,True,>0.96
1529770,43,0.995,UP,1,True,>0.96
1529799,37,0.995,UP,1,True,>0.96
1529803,39,0.995,UP,1,True,>0.96
1529901,44,0.9995,DOWN,0,True,>0.96
1529913,37,0.995,UP,1,True,>0.96
1529917,42,0.985,DOWN,0,True,>0.96
1529945,40,0.965,UP,1,True,>0.96
1530156,41,0.935,UP,1,True,0.93-0.96
1530167,44,0.995,UP,1,True,>0.96
1530171,39,0.94,DOWN,0,True,0.93-0.96
1530188,43,0.945,DOWN,0,True,0.93-0.96
1530197,41,0.965,DOWN,0,True,>0.96
1530350,43,0.985,DOWN,0,True,>0.96
1530361,38,0.935,UP,1,True,0.93-0.96
1530429,41,0.885,DOWN,0,True,0.88-0.90
1530527,38,0.905,UP,1,True,0.90-0.93
1530532,40,0.9865,UP,1,True,>0.96
1530536,38,0.98,UP,1,True,>0.96
1530547,42,0.9995,UP,1,True,>0.96
1530550,43,0.945,DOWN,0,True,0.93-0.96
1530557,44,0.995,UP,1,True,>0.96
1530564,39,0.915,DOWN,0,True,0.90-0.93
1530567,44,0.985,DOWN,0,True,>0.96
1530938,41,0.985,DOWN,0,True,>0.96
1530998,43,0.965,DOWN,0,True,>0.96
1531104,40,0.935,DOWN,0,True,0.93-0.96
1531119,45,0.905,DOWN,0,True,0.90-0.93
1531154,40,0.985,DOWN,0,True,>0.96
1531200,42,0.905,DOWN,0,True,0.90-0.93
1531209,45,0.995,DOWN,0,True,>0.96
1531303,43,0.995,UP,1,True,>0.96
1531307,43,0.985,UP,1,True,>0.96
1531315,39,0.945,UP,1,True,0.93-0.96
1531321,44,0.985,UP,1,True,>0.96
1531324,31,0.905,UP,1,True,0.90-0.93
1531370,43,0.985,UP,1,True,>0.96
1531485,43,0.995,UP,1,True,>0.96
1531490,41,0.985,UP,1,True,>0.96
1531506,44,0.985,DOWN,0,True,>0.96
1531525,44,0.975,UP,1,True,>0.96
1531566,44,0.965,DOWN,0,True,>0.96
1531593,41,0.975,DOWN,0,True,>0.96
1531598,38,0.975,UP,1,True,>0.96
1531690,41,0.885,UP,1,True,0.88-0.90
1531701,42,0.975,UP,1,True,>0.96
1531720,31,0.995,UP,1,True,>0.96
1531734,43,0.975,UP,1,True,>0.96
1531742,40,0.925,UP,1,True,0.90-0.93
1531752,43,0.975,DOWN,0,True,>0.96
1531762,42,0.935,DOWN,0,True,0.93-0.96
1531773,41,0.975,DOWN,0,True,>0.96
1531789,40,0.945,DOWN,0,True,0.93-0.96
1531795,44,0.975,DOWN,0,True,>0.96
1531887,43,0.965,DOWN,0,True,>0.96
1531934,42,0.96,DOWN,0,True,0.93-0.96
1531942,43,0.965,DOWN,0,True,>0.96
1531987,44,0.905,UP,1,True,0.90-0.93
1532103,44,0.985,DOWN,0,True,>0.96
1532119,41,0.935,UP,1,True,0.93-0.96
1532167,33,0.995,UP,1,True,>0.96
1532196,39,0.97,UP,1,True,>0.96
1532322,43,0.935,UP,1,True,0.93-0.96
1532346,40,0.905,DOWN,0,True,0.90-0.93
1532352,44,0.995,UP,1,True,>0.96
1532359,41,0.985,DOWN,0,True,>0.96
1532418,42,0.985,UP,1,True,>0.96
1532426,44,0.895,UP,1,True,0.88-0.90
1532447,45,0.985,UP,1,True,>0.96
1532536,42,0.885,DOWN,0,True,0.88-0.90
1532546,40,0.955,DOWN,0,True,0.93-0.96
1532552,39,0.9985,UP,1,True,>0.96
1532571,45,0.995,DOWN,0,True,>0.96
1532575,39,0.995,UP,1,True,>0.96
1532599,44,0.955,UP,1,True,0.93-0.96
1532620,42,0.925,UP,1,True,0.90-0.93
1532643,43,0.975,DOWN,0,True,>0.96
1532651,26,0.965,UP,1,True,>0.96
1532739,42,0.995,UP,1,True,>0.96
1532747,42,0.905,UP,1,True,0.90-0.93
1532789,39,0.985,DOWN,0,True,>0.96
1532827,43,0.975,DOWN,0,True,>0.96
1532866,41,0.945,UP,1,True,0.93-0.96
1532965,43,0.965,UP,1,True,>0.96
1532994,43,0.995,DOWN,0,True,>0.96
1533032,43,0.945,UP,1,True,0.93-0.96
1533063,43,0.925,UP,1,True,0.90-0.93
1533133,43,0.975,UP,1,True,>0.96
1533253,39,0.975,UP,1,True,>0.96
1533258,41,0.995,DOWN,0,True,>0.96
1533270,42,0.995,UP,1,True,>0.96
1533274,39,0.975,UP,1,True,>0.96
1533283,39,0.965,DOWN,0,True,>0.96
1533297,42,0.945,UP,1,True,0.93-0.96
1533384,37,0.925,UP,1,True,0.90-0.93
1533530,43,0.995,DOWN,0,True,>0.96
1533537,36,0.965,DOWN,0,True,>0.96
1533548,36,0.965,UP,1,True,>0.96
1533555,42,0.995,DOWN,0,True,>0.96
1533564,42,0.965,DOWN,0,True,>0.96
1533573,41,0.92,UP,1,True,0.90-0.93
1533586,29,0.995,UP,1,True,>0.96
1533625,40,0.925,DOWN,0,True,0.90-0.93
1533647,34,0.985,DOWN,0,True,>0.96
1533668,42,0.975,UP,1,True,>0.96
1533780,42,0.995,UP,1,True,>0.96
1533817,37,0.995,DOWN,0,True,>0.96
1533883,40,0.985,DOWN,0,True,>0.96
1533916,41,0.995,UP,1,True,>0.96
1533937,39,0.965,DOWN,0,True,>0.96
1534090,27,0.97,UP,1,True,>0.96
1534118,40,0.985,UP,1,True,>0.96
1534151,40,0.995,DOWN,0,True,>0.96
1534163,43,0.965,DOWN,0,True,>0.96
1534411,39,0.91,DOWN,0,True,0.90-0.93
1534428,42,0.915,DOWN,0,True,0.90-0.93
1534450,41,0.885,UP,1,True,0.88-0.90
1534461,41,0.905,UP,1,True,0.90-0.93
1534592,39,0.905,DOWN,0,True,0.90-0.93
1534632,43,0.945,UP,1,True,0.93-0.96
1534720,40,0.955,DOWN,0,True,0.93-0.96
1534919,41,0.905,UP,1,True,0.90-0.93
1534935,38,0.995,DOWN,0,True,>0.96
1534960,39,0.975,DOWN,0,True,>0.96
1535024,40,0.935,DOWN,0,True,0.93-0.96
1535108,36,0.915,DOWN,0,True,0.90-0.93
1535215,39,0.965,DOWN,0,True,>0.96
1535438,35,0.915,UP,1,True,0.90-0.93
1535535,40,0.995,UP,1,True,>0.96
1535611,37,0.995,UP,1,True,>0.96
1535639,40,0.985,DOWN,0,True,>0.96
1535711,33,0.945,UP,1,True,0.93-0.96
1535780,29,0.995,DOWN,0,True,>0.96
1535829,39,0.985,DOWN,0,True,>0.96
1535845,41,0.975,UP,1,True,>0.96
1535941,41,0.925,DOWN,0,True,0.90-0.93
1535944,36,0.985,UP,1,True,>0.96
1535951,36,0.995,UP,1,True,>0.96
1535960,34,0.975,UP,1,True,>0.96
1535967,40,0.955,UP,1,True,0.93-0.96
1535977,39,0.995,DOWN,0,True,>0.96
1535985,39,0.915,DOWN,0,True,0.90-0.93
1535995,35,0.995,DOWN,0,True,>0.96
1536016,38,0.975,UP,1,True,>0.96
1536098,32,0.995,DOWN,0,True,>0.96
1536109,39,0.985,DOWN,0,True,>0.96
1536117,37,0.975,DOWN,0,True,>0.96
1536121,41,0.965,DOWN,0,True,>0.96
1536129,42,0.985,UP,1,True,>0.96
1536203,40,0.975,UP,1,True,>0.96
1536208,33,0.985,DOWN,0,True,>0.96
1536216,38,0.975,UP,1,True,>0.96
1536222,37,0.885,UP,1,True,0.88-0.90
1536223,35,0.975,UP,1,True,>0.96
1536234,39,0.995,UP,1,True,>0.96
1536254,35,0.975,UP,1,True,>0.96
1536255,42,0.985,UP,1,True,>0.96
1536277,39,0.965,UP,1,True,>0.96
1536282,40,0.985,DOWN,0,True,>0.96
1536298,33,0.975,DOWN,0,True,>0.96
1536396,38,0.915,DOWN,0,True,0.90-0.93
1536412,39,0.995,UP,1,True,>0.96
1536416,28,0.985,DOWN,0,True,>0.96
1536452,36,0.915,DOWN,0,True,0.90-0.93
1536464,38,0.895,DOWN,0,True,0.88-0.90
1536566,38,0.975,DOWN,0,True,>0.96
1536570,39,0.995,UP,1,True,>0.96
1536572,39,0.955,UP,1,True,0.93-0.96
1536583,36,0.975,UP,1,True,>0.96
1536585,32,0.905,UP,1,True,0.90-0.93
1536621,35,0.975,DOWN,0,True,>0.96
1536728,41,0.955,UP,1,True,0.93-0.96
1536732,37,0.915,DOWN,0,True,0.90-0.93
1536736,40,0.965,DOWN,0,True,>0.96
1536752,38,0.925,UP,1,True,0.90-0.93
1536776,40,0.945,DOWN,0,True,0.93-0.96
1536819,40,0.935,UP,1,True,0.93-0.96
1536824,36,0.985,UP,1,True,>0.96
1536854,39,0.925,DOWN,0,True,0.90-0.93
1536857,35,0.945,UP,1,True,0.93-0.96
1537026,32,0.975,DOWN,0,True,>0.96
1537035,34,0.985,DOWN,0,True,>0.96
1537038,40,0.94,DOWN,0,True,0.93-0.96
1537042,40,0.92,DOWN,0,True,0.90-0.93
1537065,39,0.975,UP,1,True,>0.96
1537068,37,0.985,DOWN,0,True,>0.96
1537082,35,0.995,UP,1,True,>0.96
1537086,35,0.985,DOWN,0,True,>0.96
1537092,38,0.995,DOWN,0,True,>0.96
1537101,36,0.945,DOWN,0,True,0.93-0.96
1537105,40,0.965,DOWN,0,True,>0.96
1537116,35,0.915,UP,1,True,0.90-0.93
1537120,38,0.945,DOWN,0,True,0.93-0.96
1537136,32,0.915,DOWN,0,True,0.90-0.93
1537385,32,0.965,UP,1,True,>0.96
1537397,33,0.945,UP,1,True,0.93-0.96
1537413,32,0.93,UP,1,True,0.90-0.93
1537427,33,0.96,UP,1,True,0.93-0.96
1537430,35,0.92,DOWN,0,True,0.90-0.93
1537436,27,0.965,UP,1,True,>0.96
1537445,35,0.945,UP,1,True,0.93-0.96
1537505,40,0.995,DOWN,0,True,>0.96
1537513,39,0.995,DOWN,0,True,>0.96
1537518,37,0.985,UP,1,True,>0.96
1537526,30,0.97,UP,1,True,>0.96
1537587,38,0.995,DOWN,0,True,>0.96
1537602,34,0.995,DOWN,0,True,>0.96
1537638,36,0.935,UP,1,True,0.93-0.96
1537667,36,0.975,UP,1,True,>0.96
1537673,36,0.97,UP,1,True,>0.96
1537681,41,0.985,UP,1,True,>0.96
1537690,29,0.995,UP,1,True,>0.96
1537696,40,0.955,UP,1,True,0.93-0.96
1537705,37,0.995,UP,1,True,>0.96
1537816,40,0.995,DOWN,0,True,>0.96
1538008,33,0.995,UP,1,True,>0.96
1538015,35,0.905,DOWN,0,True,0.90-0.93
1538127,38,0.945,DOWN,0,True,0.93-0.96
1539670,37,0.985,UP,1,True,>0.96
1539852,39,0.935,DOWN,0,True,0.93-0.96
1540012,39,0.995,UP,1,True,>0.96
1540042,37,0.97,DOWN,0,True,>0.96
1540100,38,0.985,DOWN,0,True,>0.96
1540299,36,0.93,UP,1,True,0.90-0.93
1540382,35,0.935,DOWN,0,True,0.93-0.96
1540720,35,0.97,DOWN,0,True,>0.96
1540732,37,0.985,DOWN,0,True,>0.96
1540778,34,0.985,UP,1,True,>0.96
1540806,36,0.975,UP,1,True,>0.96
1540836,36,0.915,DOWN,0,True,0.90-0.93
1540960,39,0.965,DOWN,0,True,>0.96
1541281,31,0.985,DOWN,0,True,>0.96
1541333,40,0.925,UP,1,True,0.90-0.93
1541352,39,0.995,DOWN,0,True,>0.96
1541603,39,0.965,DOWN,0,True,>0.96
1541736,36,0.975,UP,1,True,>0.96
1541746,30,0.985,DOWN,0,True,>0.96
1541949,39,0.915,UP,1,True,0.90-0.93
1541959,39,0.975,DOWN,0,True,>0.96
1541990,42,0.945,DOWN,0,True,0.93-0.96
1541994,32,0.94,DOWN,0,True,0.93-0.96
1542025,38,0.915,UP,1,True,0.90-0.93
1542177,33,0.905,DOWN,0,True,0.90-0.93
1542343,36,0.935,DOWN,0,True,0.93-0.96
1542403,39,0.96,UP,1,True,0.93-0.96
1542451,37,0.905,UP,1,True,0.90-0.93
1544532,39,0.985,DOWN,0,True,>0.96
1544797,37,0.945,DOWN,0,True,0.93-0.96
1544833,35,0.995,DOWN,0,True,>0.96
1544835,33,0.955,DOWN,0,True,0.93-0.96
1544848,26,0.985,UP,1,True,>0.96
1545089,24,0.935,UP,1,True,0.93-0.96
1545100,39,0.965,DOWN,0,True,>0.96
1545378,36,0.955,DOWN,0,True,0.93-0.96
1545411,33,0.975,UP,1,True,>0.96
1545466,40,0.915,UP,1,True,0.90-0.93
1545469,37,0.905,UP,1,True,0.90-0.93
1545865,39,0.895,UP,1,True,0.88-0.90
1545891,31,0.925,DOWN,0,True,0.90-0.93
1545932,33,0.975,DOWN,0,True,>0.96
1545983,33,0.985,UP,1,True,>0.96
1546217,21,0.985,DOWN,0,True,>0.96
1546237,36,0.995,DOWN,0,True,>0.96
1546267,35,0.975,DOWN,0,True,>0.96
1546302,37,0.975,UP,1,True,>0.96
1546343,19,0.9795,UP,1,True,>0.96
1546737,39,0.975,DOWN,0,True,>0.96
1546756,35,0.925,UP,1,True,0.90-0.93
1547013,31,0.905,DOWN,0,True,0.90-0.93
1547021,41,0.995,DOWN,0,True,>0.96
1547028,40,0.985,DOWN,0,True,>0.96
1547032,34,0.925,DOWN,0,True,0.90-0.93
1547042,33,0.955,UP,1,True,0.93-0.96
1547056,34,0.985,DOWN,0,True,>0.96
1547245,32,0.915,DOWN,0,True,0.90-0.93
1547308,37,0.965,UP,1,True,>0.96
1547332,34,0.945,UP,1,True,0.93-0.96
1547516,30,0.885,UP,1,True,0.88-0.90
1547675,38,0.975,UP,1,True,>0.96
1547688,33,0.995,UP,1,True,>0.96
1547705,37,0.935,UP,1,True,0.93-0.96
1547714,35,0.995,UP,1,True,>0.96
1548056,39,0.985,DOWN,0,True,>0.96
1548170,37,0.97,DOWN,0,True,>0.96
1548339,33,0.965,DOWN,0,True,>0.96
1548427,38,0.975,DOWN,0,True,>0.96
1548431,33,0.955,DOWN,0,True,0.93-0.96
1548475,36,0.915,DOWN,0,True,0.90-0.93
1548555,39,0.975,UP,1,True,>0.96
1548717,37,0.975,UP,1,True,>0.96
1548723,30,0.945,UP,1,True,0.93-0.96
1548733,31,0.955,UP,1,True,0.93-0.96
1548742,38,0.935,DOWN,0,True,0.93-0.96
1548751,35,0.905,DOWN,0,True,0.90-0.93
1548754,37,0.985,UP,1,True,>0.96
1548768,33,0.975,DOWN,0,True,>0.96
1548998,37,0.905,DOWN,0,True,0.90-0.93
1549031,39,0.995,DOWN,0,True,>0.96
1549043,35,0.92,UP,1,True,0.90-0.93
1549092,39,0.935,DOWN,0,True,0.93-0.96
1549257,39,0.965,DOWN,0,True,>0.96
1549295,39,0.985,UP,1,True,>0.96
1549316,38,0.985,DOWN,0,True,>0.96
1549326,38,0.965,DOWN,0,True,>0.96
1549361,40,0.975,UP,1,True,>0.96
1549371,39,0.935,DOWN,0,True,0.93-0.96
1549382,30,0.96,UP,1,True,0.93-0.96
1549388,37,0.985,DOWN,0,True,>0.96
1549550,36,0.965,UP,1,True,>0.96
1549583,37,0.985,DOWN,0,True,>0.96
1549599,40,0.995,UP,1,True,>0.96
1549607,37,0.975,DOWN,0,True,>0.96
1549964,38,0.995,DOWN,0,True,>0.96
1550259,36,0.985,UP,1,True,>0.96
1550267,36,0.975,DOWN,0,True,>0.96
1550503,33,0.975,DOWN,0,True,>0.96
1550669,35,0.915,DOWN,0,True,0.90-0.93
1550688,37,0.975,DOWN,0,True,>0.96
1550695,34,0.975,UP,1,True,>0.96
1550707,36,0.935,DOWN,0,True,0.93-0.96
1550727,37,0.985,DOWN,0,True,>0.96
1550843,38,0.895,DOWN,0,True,0.88-0.90
1550868,25,0.995,DOWN,0,True,>0.96
1550878,34,0.995,UP,1,True,>0.96
1551049,41,0.995,UP,1,True,>0.96
1551073,34,0.985,DOWN,0,True,>0.96
1551086,37,0.945,DOWN,0,True,0.93-0.96
1551145,36,0.985,UP,1,True,>0.96
1551319,32,0.975,UP,1,True,>0.96
1551325,35,0.985,UP,1,True,>0.96
1551357,39,0.955,DOWN,0,True,0.93-0.96
1551366,37,0.995,UP,1,True,>0.96
1551368,32,0.975,UP,1,True,>0.96
1551375,34,0.995,DOWN,0,True,>0.96
1551390,36,0.995,DOWN,0,True,>0.96
1551421,31,0.995,DOWN,0,True,>0.96
1551508,35,0.955,UP,1,True,0.93-0.96
1551547,36,0.995,UP,1,True,>0.96
1551580,32,0.985,DOWN,0,True,>0.96
1551585,35,0.935,DOWN,0,True,0.93-0.96
1551746,30,0.965,UP,1,True,>0.96
1551844,39,0.975,DOWN,0,True,>0.96
1551862,38,0.995,UP,1,True,>0.96
1551899,35,0.935,DOWN,0,True,0.93-0.96
1551908,37,0.9985,DOWN,0,True,>0.96
1551916,38,0.965,DOWN,0,True,>0.96
1552088,36,0.975,UP,1,True,>0.96
1552132,36,0.9925,DOWN,0,True,>0.96
1552148,34,0.975,UP,1,True,>0.96
1552185,37,0.985,DOWN,0,True,>0.96
1552197,36,0.965,UP,1,True,>0.96
1552412,35,0.945,UP,1,True,0.93-0.96
1552449,35,0.985,UP,1,True,>0.96
1552695,33,0.975,UP,1,True,>0.96
1552720,35,0.935,DOWN,0,True,0.93-0.96
1552940,39,0.925,DOWN,0,True,0.90-0.93
1552986,33,0.995,UP,1,True,>0.96
1553227,35,0.915,DOWN,0,True,0.90-0.93
1553233,39,0.995,DOWN,0,True,>0.96
1553350,36,0.925,DOWN,0,True,0.90-0.93
1553737,38,0.945,DOWN,0,True,0.93-0.96
1553769,33,0.945,DOWN,0,True,0.93-0.96
1554119,32,0.925,UP,1,True,0.90-0.93
1554240,36,0.965,DOWN,0,True,>0.96
1554486,29,0.925,DOWN,0,True,0.90-0.93
1554527,40,0.95,UP,1,True,0.93-0.96
1554628,34,0.985,DOWN,0,True,>0.96
1554860,33,0.935,UP,1,True,0.93-0.96
1554891,38,0.975,UP,1,True,>0.96
1554902,33,0.89,UP,1,True,0.88-0.90
1554949,34,0.965,UP,1,True,>0.96
1555143,40,0.945,DOWN,0,True,0.93-0.96
1555158,31,0.915,DOWN,0,True,0.90-0.93
1555168,38,0.925,UP,1,True,0.90-0.93
1555389,39,0.885,UP,1,True,0.88-0.90
1555599,38,0.975,UP,1,True,>0.96
1555807,32,0.955,UP,1,True,0.93-0.96
1555838,29,0.91,DOWN,0,True,0.90-0.93
1555857,36,0.91,DOWN,0,True,0.90-0.93
1555875,34,0.925,DOWN,0,True,0.90-0.93
1555899,36,0.995,DOWN,0,True,>0.96
1555945,38,0.945,DOWN,0,True,0.93-0.96
1556003,32,0.915,UP,1,True,0.90-0.93
1556222,39,0.97,DOWN,0,True,>0.96
1556231,38,0.975,UP,1,True,>0.96
1556233,36,0.985,DOWN,0,True,>0.96
1556308,38,0.975,DOWN,0,True,>0.96
1556367,35,0.955,UP,1,True,0.93-0.96
1556371,37,0.97,DOWN,0,True,>0.96
1556380,34,0.995,DOWN,0,True,>0.96
1556396,39,0.985,DOWN,0,True,>0.96
1556485,34,0.965,DOWN,0,True,>0.96
1556496,36,0.975,UP,1,True,>0.96
1556509,38,0.995,DOWN,0,True,>0.96
1556660,40,0.995,UP,1,True,>0.96
1556725,37,0.95,UP,1,True,0.93-0.96
1556762,38,0.975,DOWN,0,True,>0.96
1556766,32,0.955,DOWN,0,True,0.93-0.96
1556784,40,0.935,DOWN,0,True,0.93-0.96
1556792,35,0.905,DOWN,0,True,0.90-0.93
1557034,31,0.935,UP,1,True,0.93-0.96
1557066,34,0.935,UP,1,True,0.93-0.96
1557076,31,0.9985,DOWN,0,True,>0.96
1557084,40,0.89,UP,1,True,0.88-0.90
1557094,40,0.975,UP,1,True,>0.96
1557101,36,0.985,DOWN,0,True,>0.96
1557175,38,0.905,DOWN,0,True,0.90-0.93
1557215,40,0.905,UP,1,True,0.90-0.93
1557218,25,0.965,UP,1,True,>0.96
1557228,33,0.915,DOWN,0,True,0.90-0.93
1557246,36,0.965,DOWN,0,True,>0.96
1557269,38,0.955,DOWN,0,True,0.93-0.96
1557275,39,0.925,UP,1,True,0.90-0.93
1557312,27,0.955,UP,1,True,0.93-0.96
1557343,38,0.975,UP,1,True,>0.96
1557368,39,0.885,UP,1,True,0.88-0.90
1557397,37,0.975,DOWN,0,True,>0.96
1557432,38,0.995,UP,1,True,>0.96
1557441,40,0.945,DOWN,0,True,0.93-0.96
1557447,37,0.995,DOWN,0,True,>0.96
1557465,32,0.965,UP,1,True,>0.96
1557513,37,0.955,DOWN,0,True,0.93-0.96
1557551,36,0.995,DOWN,0,True,>0.96
1557560,34,0.955,UP,1,True,0.93-0.96
1557563,37,0.985,UP,1,True,>0.96
1557576,39,0.945,UP,1,True,0.93-0.96
1557583,36,0.998,UP,1,True,>0.96
1557587,40,0.995,DOWN,0,True,>0.96
1557597,27,0.905,UP,1,True,0.90-0.93
1557819,38,0.985,DOWN,0,True,>0.96
1557820,27,0.885,UP,1,True,0.88-0.90
1557850,32,0.965,UP,1,True,>0.96
1557860,37,0.995,UP,1,True,>0.96
1557871,34,0.955,UP,1,True,0.93-0.96
1557876,30,0.915,UP,1,True,0.90-0.93
1557893,36,0.905,DOWN,0,True,0.90-0.93
1557982,32,0.925,UP,1,True,0.90-0.93
1557996,38,0.945,DOWN,0,True,0.93-0.96
1558023,30,0.975,UP,1,True,>0.96
1558513,36,0.975,UP,1,True,>0.96
1558523,35,0.955,DOWN,0,True,0.93-0.96
1558535,37,0.97,DOWN,0,True,>0.96
1558808,36,0.91,UP,1,True,0.90-0.93
1558818,35,0.985,UP,1,True,>0.96
1558821,40,0.995,DOWN,0,True,>0.96
1558848,31,0.945,UP,1,True,0.93-0.96
1558854,36,0.955,UP,1,True,0.93-0.96
1558892,31,0.995,DOWN,0,True,>0.96
1558895,41,0.995,DOWN,0,True,>0.96
1558928,36,0.925,DOWN,0,True,0.90-0.93
1558932,32,0.995,DOWN,0,True,>0.96
1558939,37,0.935,DOWN,0,True,0.93-0.96
1559032,33,0.995,UP,1,True,>0.96
1559093,31,0.995,DOWN,0,True,>0.96
1559106,36,0.965,DOWN,0,True,>0.96
1559121,29,0.895,DOWN,0,True,0.88-0.90
1559133,39,0.995,DOWN,0,True,>0.96
1559136,33,0.985,DOWN,0,True,>0.96
1559210,34,0.93,UP,1,True,0.90-0.93
1559275,23,0.935,UP,1,True,0.93-0.96
1559293,30,0.905,UP,1,True,0.90-0.93
1559360,38,0.995,UP,1,True,>0.96
1559364,30,0.965,DOWN,0,True,>0.96
1559375,32,0.965,DOWN,0,True,>0.96
1559614,38,0.995,DOWN,0,True,>0.96
1559618,21,0.96,UP,1,True,0.93-0.96
1559760,32,0.975,UP,1,True,>0.96
1559768,35,0.965,UP,1,True,>0.96
1559784,33,0.925,DOWN,0,True,0.90-0.93
1559790,38,0.915,UP,1,True,0.90-0.93
1559795,37,0.885,UP,1,True,0.88-0.90
1559819,38,0.91,DOWN,0,True,0.90-0.93
1559912,33,0.975,DOWN,0,True,>0.96
1559951,35,0.92,DOWN,0,True,0.90-0.93
1560157,34,0.985,UP,1,True,>0.96
1560195,30,0.955,UP,1,True,0.93-0.96
1560325,33,0.92,UP,1,True,0.90-0.93
1560536,38,0.905,DOWN,0,True,0.90-0.93
1560633,33,0.955,UP,1,True,0.93-0.96
1560636,36,0.935,DOWN,0,True,0.93-0.96
1560641,29,0.935,DOWN,0,True,0.93-0.96
1560650,34,0.945,UP,1,True,0.93-0.96
1560682,35,0.985,DOWN,0,True,>0.96
1560949,32,0.995,UP,1,True,>0.96
1560987,32,0.995,UP,1,True,>0.96
1560991,32,0.985,UP,1,True,>0.96
1561123,35,0.965,DOWN,0,True,>0.96
1561292,29,0.975,DOWN,0,True,>0.96
1561328,30,0.955,UP,1,True,0.93-0.96
1561333,30,0.905,DOWN,0,True,0.90-0.93
1561340,38,0.965,DOWN,0,True,>0.96
1561345,36,0.925,DOWN,0,True,0.90-0.93
1561351,36,0.925,DOWN,0,True,0.90-0.93
1561356,38,0.925,UP,1,True,0.90-0.93
1561434,32,0.96,UP,1,True,0.93-0.96
1561487,32,0.895,UP,1,True,0.88-0.90
1561700,32,0.945,DOWN,0,True,0.93-0.96
1561716,33,0.895,UP,1,True,0.88-0.90
1561728,31,0.915,DOWN,0,True,0.90-0.93
1562272,37,0.905,UP,1,True,0.90-0.93
1562423,29,0.915,UP,1,True,0.90-0.93
1562428,33,0.995,UP,1,True,>0.96
1562818,33,0.905,DOWN,0,True,0.90-0.93
1562881,39,0.995,UP,1,True,>0.96
1563055,28,0.985,UP,1,True,>0.96
1563061,37,0.985,UP,1,True,>0.96
1563065,35,0.975,DOWN,0,True,>0.96
1563072,36,0.9945,UP,1,True,>0.96
1563078,36,0.995,DOWN,0,True,>0.96
1563086,37,0.955,DOWN,0,True,0.93-0.96
1563094,35,0.935,DOWN,0,True,0.93-0.96
1563109,34,0.965,UP,1,True,>0.96
1563116,38,0.935,UP,1,True,0.93-0.96
1563322,27,0.925,DOWN,0,True,0.90-0.93
1563339,33,0.995,DOWN,0,True,>0.96
1563346,36,0.9985,UP,1,True,>0.96
1563374,34,0.945,DOWN,0,True,0.93-0.96
1563600,36,0.945,DOWN,0,True,0.93-0.96
1563621,29,0.935,UP,1,True,0.93-0.96
1563629,35,0.955,DOWN,0,True,0.93-0.96
1563731,32,0.985,UP,1,True,>0.96
1563952,34,0.925,DOWN,0,True,0.90-0.93
1563982,34,0.965,UP,1,True,>0.96
1564130,41,0.925,DOWN,0,True,0.90-0.93
1564226,34,0.945,UP,1,True,0.93-0.96
1564228,36,0.995,DOWN,0,True,>0.96
1564411,33,0.985,DOWN,0,True,>0.96
1564434,36,0.935,UP,1,True,0.93-0.96
1564592,34,0.915,UP,1,True,0.90-0.93
1564682,40,0.935,DOWN,0,True,0.93-0.96
1564888,33,0.975,UP,1,True,>0.96
1564894,37,0.985,UP,1,True,>0.96
1564912,27,0.92,DOWN,0,True,0.90-0.93
1564997,36,0.975,DOWN,0,True,>0.96
1565200,39,0.965,DOWN,0,True,>0.96
1565229,32,0.955,UP,1,True,0.93-0.96
1565476,34,0.905,UP,1,True,0.90-0.93
1565507,32,0.93,DOWN,0,True,0.90-0.93
1565517,33,0.965,UP,1,True,>0.96
1565546,33,0.995,DOWN,0,True,>0.96
1565741,33,0.98,UP,1,True,>0.96
1565796,29,0.895,UP,1,True,0.88-0.90
1565805,35,0.994,UP,1,True,>0.96
1565809,37,0.965,DOWN,0,True,>0.96
1565814,36,0.985,DOWN,0,True,>0.96
1565844,34,0.965,UP,1,True,>0.96
1565858,34,0.945,DOWN,0,True,0.93-0.96
1566047,31,0.965,UP,1,True,>0.96
1566079,33,0.985,UP,1,True,>0.96
1566325,37,0.985,UP,1,True,>0.96
1566335,35,0.905,UP,1,True,0.90-0.93
1566513,33,0.995,UP,1,True,>0.96
1566516,38,0.96,DOWN,0,True,0.93-0.96
1566555,31,0.965,DOWN,0,True,>0.96
1566613,39,0.975,DOWN,0,True,>0.96
1566624,32,0.955,DOWN,0,True,0.93-0.96
1566806,22,0.975,UP,1,True,>0.96
1566819,34,0.965,DOWN,0,True,>0.96
1566958,33,0.935,DOWN,0,True,0.93-0.96
1566970,38,0.915,UP,1,True,0.90-0.93
1567160,40,0.89,DOWN,0,True,0.88-0.90
1567179,32,0.975,UP,1,True,>0.96
1567183,37,0.91,DOWN,0,True,0.90-0.93
1567192,29,0.945,UP,1,True,0.93-0.96
1567196,37,0.905,DOWN,0,True,0.90-0.93
1567213,36,0.995,UP,1,True,>0.96
1567257,34,0.985,UP,1,True,>0.96
1567275,30,0.95,DOWN,0,True,0.93-0.96
1567457,31,0.965,UP,1,True,>0.96
1567463,29,0.915,UP,1,True,0.90-0.93
1567465,17,0.975,DOWN,0,True,>0.96
1567740,38,0.925,DOWN,0,True,0.90-0.93
1567753,29,0.985,UP,1,True,>0.96
1567762,28,0.965,DOWN,0,True,>0.96
1567772,37,0.985,UP,1,True,>0.96
1567788,33,0.905,UP,1,True,0.90-0.93
1567951,33,0.925,UP,1,True,0.90-0.93
1568211,33,0.915,DOWN,0,True,0.90-0.93
1568238,37,0.995,UP,1,True,>0.96
1568260,33,0.945,DOWN,0,True,0.93-0.96
1568284,20,0.985,DOWN,0,True,>0.96
1568289,40,0.915,DOWN,0,True,0.90-0.93
1568300,33,0.915,DOWN,0,True,0.90-0.93
1568301,36,0.985,DOWN,0,True,>0.96
1568322,30,0.985,DOWN,0,True,>0.96
1568381,32,0.975,UP,1,True,>0.96
1568620,36,0.94,DOWN,0,True,0.93-0.96
1568688,25,0.975,DOWN,0,True,>0.96
1568697,36,0.975,DOWN,0,True,>0.96
1568701,37,0.995,DOWN,0,True,>0.96
1568712,34,0.975,UP,1,True,>0.96
1568715,37,0.995,DOWN,0,True,>0.96
1568859,36,0.995,DOWN,0,True,>0.96
1569337,34,0.995,DOWN,0,True,>0.96
1569613,26,0.915,UP,1,True,0.90-0.93
1569617,36,0.995,UP,1,True,>0.96
1569625,37,0.975,UP,1,True,>0.96
1569681,34,0.995,UP,1,True,>0.96
1569780,21,0.995,DOWN,0,True,>0.96
1570125,36,0.945,DOWN,0,True,0.93-0.96
1570138,35,0.975,DOWN,0,True,>0.96
1570145,40,0.995,DOWN,0,True,>0.96
1570158,35,0.975,DOWN,0,True,>0.96
1570178,39,0.995,DOWN,0,True,>0.96
1570204,36,0.955,DOWN,0,True,0.93-0.96
1570266,33,0.975,UP,1,True,>0.96
1570278,38,0.995,DOWN,0,True,>0.96
1570296,37,0.92,DOWN,0,True,0.90-0.93
1570348,35,0.965,UP,1,True,>0.96
1570364,39,0.925,DOWN,0,True,0.90-0.93
1570369,29,0.915,UP,1,True,0.90-0.93
1570378,36,0.945,DOWN,0,True,0.93-0.96
1570382,35,0.975,DOWN,0,True,>0.96
1570469,37,0.995,UP,1,True,>0.96
1570698,33,0.935,DOWN,0,True,0.93-0.96
1570746,19,0.935,DOWN,0,True,0.93-0.96
1570823,25,0.935,UP,1,True,0.93-0.96
1570956,29,0.925,UP,1,True,0.90-0.93
1570962,24,0.945,UP,1,True,0.93-0.96
1571122,34,0.94,UP,1,True,0.93-0.96
1571218,38,0.97,DOWN,0,True,>0.96
1571239,34,0.915,UP,1,True,0.90-0.93
1571311,29,0.945,DOWN,0,True,0.93-0.96
1571354,38,0.925,DOWN,0,True,0.90-0.93
1571560,38,0.925,DOWN,0,True,0.90-0.93
1571567,36,0.955,DOWN,0,True,0.93-0.96
1571765,34,0.985,UP,1,True,>0.96
1571970,35,0.995,DOWN,0,True,>0.96
1572219,24,0.98,DOWN,0,True,>0.96
1572227,38,0.915,DOWN,0,True,0.90-0.93
1572242,29,0.925,UP,1,True,0.90-0.93
1572646,35,0.955,UP,1,True,0.93-0.96
1572833,33,0.925,DOWN,0,True,0.90-0.93
1573016,33,0.995,DOWN,0,True,>0.96
1573073,39,0.945,UP,1,True,0.93-0.96
1573196,39,0.995,DOWN,0,True,>0.96
1573199,32,0.945,UP,1,True,0.93-0.96
1573203,37,0.945,UP,1,True,0.93-0.96
1573226,29,0.925,DOWN,0,True,0.90-0.93
1573349,38,0.975,UP,1,True,>0.96
1573396,40,0.965,UP,1,True,>0.96
1573444,32,0.955,UP,1,True,0.93-0.96
1573709,34,0.995,DOWN,0,True,>0.96
1573877,35,0.985,UP,1,True,>0.96
1574140,21,0.985,DOWN,0,True,>0.96
1574207,32,0.94,DOWN,0,True,0.93-0.96
1574219,35,0.985,DOWN,0,True,>0.96
1574785,38,0.935,DOWN,0,True,0.93-0.96
1574807,38,0.995,DOWN,0,True,>0.96
1574817,37,0.955,UP,1,True,0.93-0.96
1577023,37,0.895,DOWN,0,True,0.88-0.90
1577061,37,0.895,DOWN,0,True,0.88-0.90
1577132,32,0.905,DOWN,0,True,0.90-0.93
1577148,35,0.93,UP,1,True,0.90-0.93
1577406,31,0.94,UP,1,True,0.93-0.96
1578251,38,0.905,UP,1,True,0.90-0.93
1578303,34,0.925,DOWN,0,True,0.90-0.93
1579249,19,0.955,UP,1,True,0.93-0.96
1580742,20,0.995,UP,1,True,>0.96
1582177,32,0.925,UP,1,True,0.90-0.93
1582207,39,0.945,DOWN,0,True,0.93-0.96
1582254,37,0.925,DOWN,0,True,0.90-0.93
1583791,30,0.93,UP,1,True,0.90-0.93
1584730,38,0.935,DOWN,0,True,0.93-0.96
1584809,34,0.915,UP,1,True,0.90-0.93
1584898,37,0.995,UP,1,True,>0.96
1585513,38,0.995,UP,1,True,>0.96
1585531,36,0.975,DOWN,0,True,>0.96
1585554,38,0.925,UP,1,True,0.90-0.93
1585564,37,0.985,UP,1,True,>0.96
1589686,30,0.94,DOWN,0,True,0.93-0.96
1589766,39,0.945,UP,1,True,0.93-0.96
1589786,36,0.985,UP,1,True,>0.96
1591418,39,0.915,DOWN,0,True,0.90-0.93
1592445,34,0.985,UP,1,True,>0.96
1592458,36,0.993,UP,1,True,>0.96
1592790,21,0.945,UP,1,True,0.93-0.96
1592805,32,0.995,UP,1,True,>0.96
1592985,34,0.995,DOWN,0,True,>0.96
1594243,37,0.995,UP,1,True,>0.96
1594273,39,0.965,DOWN,0,True,>0.96
1594691,40,0.985,UP,1,True,>0.96
1594758,34,0.975,UP,1,True,>0.96
1595325,33,0.985,UP,1,True,>0.96
1595716,32,0.945,DOWN,0,True,0.93-0.96
1595737,36,0.935,DOWN,0,True,0.93-0.96
1595779,35,0.975,DOWN,0,True,>0.96
1595797,37,0.985,DOWN,0,True,>0.96
1595802,25,0.985,UP,1,True,>0.96
1596003,37,0.975,DOWN,0,True,>0.96
1596042,34,0.985,UP,1,True,>0.96
1597142,38,0.97,DOWN,0,True,>0.96
1597863,52,0.965,UP,1,True,>0.96
1597869,40,0.995,DOWN,0,True,>0.96
1598679,39,0.93,DOWN,0,True,0.90-0.93
1600014,37,0.935,UP,1,True,0.93-0.96
1600337,29,0.935,UP,1,True,0.93-0.96
1600340,32,0.995,DOWN,0,True,>0.96
1600602,39,0.995,UP,1,True,>0.96
1601142,35,0.885,UP,1,True,0.88-0.90
1601247,32,0.965,UP,1,True,>0.96
1601951,36,0.97,DOWN,0,True,>0.96
1601983,31,0.95,UP,1,True,0.93-0.96
1602677,30,0.985,DOWN,0,True,>0.96
1603110,27,0.97,DOWN,0,True,>0.96
1603403,32,0.985,DOWN,0,True,>0.96
1603855,27,0.965,UP,1,True,>0.96
1604303,30,0.94,DOWN,0,True,0.93-0.96
1604510,37,0.965,UP,1,True,>0.96
1604592,32,0.955,UP,1,True,0.93-0.96
1604641,30,0.935,UP,1,True,0.93-0.96
1604762,35,0.9965,UP,1,True,>0.96
1604884,35,0.905,DOWN,0,True,0.90-0.93
1605265,29,0.975,DOWN,0,True,>0.96
1605417,35,0.995,DOWN,0,True,>0.96
1605542,31,0.955,UP,1,True,0.93-0.96
1605572,37,0.9,DOWN,0,True,0.88-0.90
1605575,19,0.965,DOWN,0,True,>0.96
1605973,25,0.94,DOWN,0,True,0.93-0.96
1606353,33,0.975,DOWN,0,True,>0.96
1606750,31,0.995,UP,1,True,>0.96
1606798,31,0.985,DOWN,0,True,>0.96
1606905,32,0.965,UP,1,True,>0.96
1606914,27,0.915,UP,1,True,0.90-0.93
1607306,31,0.995,UP,1,True,>0.96
1607319,34,0.925,DOWN,0,True,0.90-0.93
1607514,34,0.985,DOWN,0,True,>0.96
1608281,30,0.92,UP,1,True,0.90-0.93
1608440,20,0.995,UP,1,True,>0.96
1608541,27,0.92,DOWN,0,True,0.90-0.93
1609768,35,0.925,UP,1,True,0.90-0.93
1610134,26,0.985,UP,1,True,>0.96
1611431,26,0.965,UP,1,True,>0.96
1611697,34,0.935,DOWN,0,True,0.93-0.96
1623112,30,0.925,DOWN,0,True,0.90-0.93
1624221,36,0.985,DOWN,0,True,>0.96
1626381,29,0.965,DOWN,0,True,>0.96
1626900,29,0.935,DOWN,0,True,0.93-0.96
1627574,29,0.965,DOWN,0,True,>0.96
1627936,35,0.995,DOWN,0,True,>0.96
1628486,31,0.945,UP,1,True,0.93-0.96
1629987,32,0.95,DOWN,0,True,0.93-0.96
1630531,30,0.975,UP,1,True,>0.96
1630756,33,0.9,DOWN,0,True,0.88-0.90
1630927,30,0.885,UP,1,True,0.88-0.90
1631800,32,0.995,DOWN,0,True,>0.96
1632012,18,0.985,UP,1,True,>0.96
1632099,36,0.955,UP,1,True,0.93-0.96
1632276,18,0.925,DOWN,0,True,0.90-0.93
1632325,29,0.965,DOWN,0,True,>0.96
1632641,32,0.965,UP,1,True,>0.96
1632957,35,0.995,UP,1,True,>0.96
1633404,32,0.96,UP,1,True,0.93-0.96
1635097,26,0.955,DOWN,0,True,0.93-0.96
1636480,20,0.945,DOWN,0,True,0.93-0.96
1636572,28,0.945,UP,1,True,0.93-0.96
1636587,27,0.955,UP,1,True,0.93-0.96
1636680,5,0.975,DOWN,0,True,>0.96
1637002,32,0.905,DOWN,0,True,0.90-0.93
1637099,18,0.995,DOWN,0,True,>0.96
1637794,36,0.9995,UP,1,True,>0.96
1638676,32,0.945,DOWN,0,True,0.93-0.96
1639037,25,0.975,DOWN,0,True,>0.96
1639647,34,0.985,DOWN,0,True,>0.96
1639766,27,0.935,DOWN,0,True,0.93-0.96
1640038,30,0.91,DOWN,0,True,0.90-0.93
1640365,33,0.975,UP,1,True,>0.96
1641023,32,0.93,UP,1,True,0.90-0.93
1641465,30,0.945,UP,1,True,0.93-0.96
1642022,28,0.935,UP,1,True,0.93-0.96
1642110,29,0.985,UP,1,True,>0.96
1642131,33,0.975,UP,1,True,>0.96
1642137,31,0.995,UP,1,True,>0.96
1642438,31,0.995,DOWN,0,True,>0.96
1642466,27,0.925,UP,1,True,0.90-0.93
1642952,31,0.965,UP,1,True,>0.96
1643215,33,0.995,UP,1,True,>0.96
1643356,33,0.995,UP,1,True,>0.96
1643670,30,0.925,DOWN,0,True,0.90-0.93
1643717,25,0.935,DOWN,0,True,0.93-0.96
1643952,34,0.925,DOWN,0,True,0.90-0.93
1644702,32,0.96,DOWN,0,True,0.93-0.96
1645584,32,0.965,UP,1,True,>0.96
1645664,32,0.975,DOWN,0,True,>0.96
1645704,18,0.915,DOWN,0,True,0.90-0.93
1645991,18,0.905,UP,1,True,0.90-0.93
1646012,35,0.93,UP,1,True,0.90-0.93
1646460,34,0.975,DOWN,0,True,>0.96
1646793,34,0.975,DOWN,0,True,>0.96
1646946,34,0.995,DOWN,0,True,>0.96
1647357,29,0.965,DOWN,0,True,>0.96
1647437,31,0.985,DOWN,0,True,>0.96
1648463,24,0.965,DOWN,0,True,>0.96
1648681,32,0.935,DOWN,0,True,0.93-0.96
1648990,33,0.985,DOWN,0,True,>0.96
1649303,21,0.985,DOWN,0,True,>0.96
1649315,31,0.965,DOWN,0,True,>0.96
1649566,34,0.985,UP,1,True,>0.96
1650051,36,0.965,UP,1,True,>0.96
1650463,30,0.985,DOWN,0,True,>0.96
1650497,34,0.985,DOWN,0,True,>0.96
1650977,30,0.885,UP,1,True,0.88-0.90
1651130,27,0.985,DOWN,0,True,>0.96
1651440,58,0.985,DOWN,0,True,>0.96
1652661,33,0.985,DOWN,0,True,>0.96
1653272,36,0.985,UP,1,True,>0.96
1653797,32,0.975,DOWN,0,True,>0.96
1653952,31,0.95,DOWN,0,True,0.93-0.96
1653999,21,0.965,UP,1,True,>0.96
1654225,20,0.975,UP,1,True,>0.96
1655093,29,0.96,DOWN,0,True,0.93-0.96
1655264,32,0.995,UP,1,True,>0.96
1655402,29,0.995,DOWN,0,True,>0.96
1655423,31,0.965,UP,1,True,>0.96
1655432,29,0.915,UP,1,True,0.90-0.93
1656562,29,0.905,DOWN,0,True,0.90-0.93
1657153,33,0.915,UP,1,True,0.90-0.93
1657279,29,0.905,UP,1,True,0.90-0.93
1657936,35,0.975,DOWN,0,True,>0.96
1658414,37,0.995,UP,1,True,>0.96
1658453,14,0.905,UP,1,True,0.90-0.93
1659109,33,0.925,DOWN,0,True,0.90-0.93
1659486,32,0.975,UP,1,True,>0.96
1659555,35,0.945,DOWN,0,True,0.93-0.96
1660132,33,0.955,DOWN,0,True,0.93-0.96
1660475,39,0.935,UP,1,True,0.93-0.96
1660583,22,0.965,DOWN,0,True,>0.96
1660597,34,0.945,DOWN,0,True,0.93-0.96
1660627,32,0.94,UP,1,True,0.93-0.96
1661054,31,0.985,DOWN,0,True,>0.96
1661168,30,0.955,UP,1,True,0.93-0.96
1661391,32,0.935,UP,1,True,0.93-0.96
1661547,53,0.975,DOWN,0,True,>0.96
1661646,35,0.995,UP,1,True,>0.96
1661678,17,0.975,DOWN,0,True,>0.96
1662826,35,0.955,UP,1,True,0.93-0.96
1663458,37,0.945,UP,1,True,0.93-0.96
1663601,35,0.995,DOWN,0,True,>0.96
1663849,29,0.955,UP,1,True,0.93-0.96
1664486,35,0.935,DOWN,0,True,0.93-0.96
1665177,29,0.92,UP,1,True,0.90-0.93
1665310,32,0.985,UP,1,True,>0.96
1665922,33,0.985,UP,1,True,>0.96
1666233,38,0.985,DOWN,0,True,>0.96
1667081,31,0.9995,DOWN,0,True,>0.96
1667100,29,0.995,DOWN,0,True,>0.96
1667209,35,0.975,DOWN,0,True,>0.96
1667394,31,0.955,DOWN,0,True,0.93-0.96
1667708,32,0.915,DOWN,0,True,0.90-0.93
1668258,41,0.95,DOWN,0,True,0.93-0.96
1668441,35,0.96,DOWN,0,True,0.93-0.96
1668879,37,0.965,UP,1,True,>0.96
1669240,37,0.935,DOWN,0,True,0.93-0.96
1669252,35,0.955,DOWN,0,True,0.93-0.96
1669766,37,0.945,DOWN,0,True,0.93-0.96
1669949,33,0.935,DOWN,0,True,0.93-0.96
1670470,35,0.955,UP,1,True,0.93-0.96
1670570,40,0.985,DOWN,0,True,>0.96
1670640,39,0.935,UP,1,True,0.93-0.96
1671083,41,0.975,DOWN,0,True,>0.96
1671484,40,0.91,UP,1,True,0.90-0.93
1671497,41,0.995,DOWN,0,True,>0.96
1671568,36,0.995,DOWN,0,True,>0.96
1671610,39,0.935,DOWN,0,True,0.93-0.96
1671759,39,0.995,UP,1,True,>0.96
1671773,41,0.94,UP,1,True,0.93-0.96
1671914,37,0.965,DOWN,0,True,>0.96
1672038,40,0.995,DOWN,0,True,>0.96
1672104,36,0.955,UP,1,True,0.93-0.96
1672647,18,0.995,UP,1,True,>0.96
1674242,40,0.895,UP,1,True,0.88-0.90
1674504,39,0.975,DOWN,0,True,>0.96
1674654,39,0.915,DOWN,0,True,0.90-0.93
1674897,35,0.975,DOWN,0,True,>0.96
1675121,37,0.955,UP,1,True,0.93-0.96
1675357,37,0.895,DOWN,0,True,0.88-0.90
1675482,37,0.965,DOWN,0,True,>0.96
1675494,27,0.905,UP,1,True,0.90-0.93
1675651,35,0.935,DOWN,0,True,0.93-0.96
1675891,36,0.945,UP,1,True,0.93-0.96
1675990,37,0.985,DOWN,0,True,>0.96
1676108,37,0.975,UP,1,True,>0.96
1677168,37,0.955,DOWN,0,True,0.93-0.96
1677282,35,0.955,UP,1,True,0.93-0.96
1677864,33,0.905,DOWN,0,True,0.90-0.93
1678208,34,0.905,DOWN,0,True,0.90-0.93
1678365,34,0.935,DOWN,0,True,0.93-0.96
1679044,26,0.965,DOWN,0,True,>0.96
1679071,38,0.985,UP,1,True,>0.96
1679335,23,0.945,UP,1,True,0.93-0.96
1679348,34,0.995,UP,1,True,>0.96
1679461,40,0.985,DOWN,0,True,>0.96
1679554,40,0.975,UP,1,True,>0.96
1679587,35,0.985,DOWN,0,True,>0.96
1679703,38,0.955,DOWN,0,True,0.93-0.96
1679849,37,0.995,DOWN,0,True,>0.96
1679989,34,0.985,UP,1,True,>0.96
1680088,18,0.995,DOWN,0,True,>0.96
1680111,26,0.985,UP,1,True,>0.96
1680122,29,0.915,UP,1,True,0.90-0.93
1681032,35,0.93,UP,1,True,0.90-0.93
1681561,33,0.905,DOWN,0,True,0.90-0.93
1681578,35,0.965,UP,1,True,>0.96
1681615,40,0.995,DOWN,0,True,>0.96
1681895,38,0.975,UP,1,True,>0.96
1682015,38,0.9995,UP,1,True,>0.96
1682305,23,0.975,UP,1,True,>0.96
1682415,36,0.995,UP,1,True,>0.96
1682432,37,0.975,DOWN,0,True,>0.96
1682650,37,0.935,UP,1,True,0.93-0.96
1682662,27,0.915,UP,1,True,0.90-0.93
1682790,40,0.975,DOWN,0,True,>0.96
1682838,42,0.995,UP,1,True,>0.96
1682899,39,0.995,UP,1,True,>0.96
1682980,34,0.925,DOWN,0,True,0.90-0.93
1683272,39,0.975,DOWN,0,True,>0.96
1683786,37,0.89,UP,1,True,0.88-0.90
1684325,25,0.945,UP,1,True,0.93-0.96
1684520,33,0.975,UP,1,True,>0.96
1684654,41,0.985,UP,1,True,>0.96
1684868,36,0.92,DOWN,0,True,0.90-0.93
1685678,24,0.915,DOWN,0,True,0.90-0.93
1685768,33,0.925,UP,1,True,0.90-0.93
1686094,34,0.995,DOWN,0,True,>0.96
1686316,39,0.945,DOWN,0,True,0.93-0.96
1686347,37,0.935,DOWN,0,True,0.93-0.96
1686394,32,0.9895,UP,1,True,>0.96
1686459,34,0.965,UP,1,True,>0.96
1686691,35,0.95,DOWN,0,True,0.93-0.96
1686704,36,0.995,DOWN,0,True,>0.96
1686768,37,0.96,DOWN,0,True,0.93-0.96
1686834,34,0.995,UP,1,True,>0.96
1687158,37,0.945,UP,1,True,0.93-0.96
1687325,39,0.995,DOWN,0,True,>0.96
1687645,32,0.985,UP,1,True,>0.96
1688008,37,0.945,DOWN,0,True,0.93-0.96
1688241,32,0.925,UP,1,True,0.90-0.93
1688860,35,0.965,UP,1,True,>0.96
1689579,38,0.945,DOWN,0,True,0.93-0.96
1689818,36,0.995,UP,1,True,>0.96
1690628,36,0.985,UP,1,True,>0.96
1690654,39,0.975,DOWN,0,True,>0.96
1690698,39,0.925,UP,1,True,0.90-0.93
1690736,33,0.975,UP,1,True,>0.96
1691230,33,0.995,UP,1,True,>0.96
1691328,38,0.965,UP,1,True,>0.96
1691519,35,0.965,UP,1,True,>0.96
1691637,31,0.995,UP,1,True,>0.96
1691691,38,0.995,DOWN,0,True,>0.96
1692037,34,0.955,DOWN,0,True,0.93-0.96
1693090,33,0.92,DOWN,0,True,0.90-0.93
1693411,35,0.935,DOWN,0,True,0.93-0.96
1693720,35,0.995,UP,1,True,>0.96
1695350,38,0.965,UP,1,True,>0.96
1697440,34,0.935,DOWN,0,True,0.93-0.96
1697476,37,0.965,DOWN,0,True,>0.96
1698030,35,0.97,UP,1,True,>0.96
1698631,33,0.905,UP,1,True,0.90-0.93
1699261,30,0.925,DOWN,0,True,0.90-0.93
1699375,39,0.98,DOWN,0,True,>0.96
1699805,34,0.995,UP,1,True,>0.96
1699854,36,0.995,UP,1,True,>0.96
1700053,33,0.935,DOWN,0,True,0.93-0.96
1700073,35,0.915,UP,1,True,0.90-0.93
1700075,31,0.915,DOWN,0,True,0.90-0.93
1700121,33,0.955,UP,1,True,0.93-0.96
1700134,29,0.975,DOWN,0,True,>0.96
1700215,36,0.945,DOWN,0,True,0.93-0.96
1700409,31,0.975,UP,1,True,>0.96
1700421,34,0.955,UP,1,True,0.93-0.96
1700466,38,0.94,DOWN,0,True,0.93-0.96
1700477,33,0.935,UP,1,True,0.93-0.96
1700527,35,0.975,DOWN,0,True,>0.96
1700530,33,0.96,UP,1,True,0.93-0.96
1700561,36,0.995,UP,1,True,>0.96
1700755,35,0.915,DOWN,0,True,0.90-0.93
1700878,33,0.995,UP,1,True,>0.96
1700903,28,0.915,UP,1,True,0.90-0.93
1700925,33,0.975,DOWN,0,True,>0.96
1700931,30,0.945,DOWN,0,True,0.93-0.96
1701001,36,0.975,UP,1,True,>0.96
1701008,36,0.935,DOWN,0,True,0.93-0.96
1701012,32,0.915,DOWN,0,True,0.90-0.93
1701199,36,0.995,UP,1,True,>0.96
1701269,37,0.995,UP,1,True,>0.96
1701282,36,0.995,UP,1,True,>0.96
1701310,35,0.985,DOWN,0,True,>0.96
1701313,33,0.945,UP,1,True,0.93-0.96
1701324,35,0.965,DOWN,0,True,>0.96
1701376,31,0.885,UP,1,True,0.88-0.90
1701581,31,0.935,DOWN,0,True,0.93-0.96
1701594,31,0.915,UP,1,True,0.90-0.93
1701658,34,0.995,DOWN,0,True,>0.96
1701665,33,0.955,UP,1,True,0.93-0.96
1702065,31,0.995,UP,1,True,>0.96
1702094,33,0.885,UP,1,True,0.88-0.90
1702302,29,0.915,DOWN,0,True,0.90-0.93
1702484,29,0.915,DOWN,0,True,0.90-0.93
1702512,33,0.965,UP,1,True,>0.96
1702526,37,0.96,UP,1,True,0.93-0.96
1702657,22,0.985,DOWN,0,True,>0.96
1702689,30,0.985,UP,1,True,>0.96
1702878,33,0.985,UP,1,True,>0.96
1702984,35,0.955,UP,1,True,0.93-0.96
1702994,31,0.955,UP,1,True,0.93-0.96
1703036,33,0.955,DOWN,0,True,0.93-0.96
1703051,36,0.995,DOWN,0,True,>0.96
1703224,31,0.975,UP,1,True,>0.96
1703231,32,0.965,UP,1,True,>0.96
1703273,36,0.905,DOWN,0,True,0.90-0.93
1703468,33,0.995,DOWN,0,True,>0.96
1703504,36,0.995,DOWN,0,True,>0.96
1703593,33,0.965,DOWN,0,True,>0.96
1703632,33,0.996,UP,1,True,>0.96
1703663,32,0.915,DOWN,0,True,0.90-0.93
1703850,34,0.965,DOWN,0,True,>0.96
1704011,33,0.985,UP,1,True,>0.96
1704040,34,0.985,UP,1,True,>0.96
1704051,31,0.955,DOWN,0,True,0.93-0.96
1704361,33,0.995,DOWN,0,True,>0.96
1704632,28,0.985,DOWN,0,True,>0.96
1704808,33,0.995,DOWN,0,True,>0.96
1705020,30,0.995,DOWN,0,True,>0.96
1705086,30,0.985,UP,1,True,>0.96
1705359,36,0.995,DOWN,0,True,>0.96
1705806,31,0.985,UP,1,True,>0.96
1705827,34,0.975,DOWN,0,True,>0.96
1706072,29,0.935,UP,1,True,0.93-0.96
1706121,32,0.995,UP,1,True,>0.96
1706188,36,0.955,DOWN,0,True,0.93-0.96
1706197,36,0.995,DOWN,0,True,>0.96
1706283,17,0.955,DOWN,0,True,0.93-0.96
1706380,22,0.975,DOWN,0,True,>0.96
1706602,33,0.995,DOWN,0,True,>0.96
1706639,31,0.92,UP,1,True,0.90-0.93
1706686,32,0.985,UP,1,True,>0.96
1706708,35,0.945,DOWN,0,True,0.93-0.96
1706742,34,0.985,DOWN,0,True,>0.96
1706764,31,0.905,UP,1,True,0.90-0.93
1707183,22,0.995,UP,1,True,>0.96
1707207,38,0.965,UP,1,True,>0.96
1707212,37,0.975,DOWN,0,True,>0.96
1707265,36,0.955,DOWN,0,True,0.93-0.96
1707283,38,0.905,DOWN,0,True,0.90-0.93
1707306,37,0.965,UP,1,True,>0.96
1707521,34,0.985,DOWN,0,True,>0.96
1707570,33,0.985,UP,1,True,>0.96
1707586,31,0.985,DOWN,0,True,>0.96
1707836,31,0.905,UP,1,True,0.90-0.93
1707856,32,0.885,DOWN,0,True,0.88-0.90
1707875,32,0.925,DOWN,0,True,0.90-0.93
1707913,26,0.925,DOWN,0,True,0.90-0.93
1707990,36,0.965,DOWN,0,True,>0.96
1708039,32,0.89,DOWN,0,True,0.88-0.90
1708088,39,0.905,DOWN,0,True,0.90-0.93
1708135,32,0.905,UP,1,True,0.90-0.93
1708334,35,0.93,UP,1,True,0.90-0.93
1708489,34,0.945,UP,1,True,0.93-0.96
1708522,37,0.915,UP,1,True,0.90-0.93
1708554,30,0.985,UP,1,True,>0.96
1708578,35,0.975,UP,1,True,>0.96
1708826,36,0.945,UP,1,True,0.93-0.96
1708987,37,0.985,DOWN,0,True,>0.96
1709114,34,0.925,DOWN,0,True,0.90-0.93
1709200,38,0.955,DOWN,0,True,0.93-0.96
1709223,34,0.965,UP,1,True,>0.96
1709250,36,0.905,UP,1,True,0.90-0.93
1709453,20,0.905,UP,1,True,0.90-0.93
1709498,35,0.945,DOWN,0,True,0.93-0.96
1709760,34,0.975,UP,1,True,>0.96
1709791,33,0.925,UP,1,True,0.90-0.93
1709798,33,0.985,UP,1,True,>0.96
1709813,34,0.945,UP,1,True,0.93-0.96
1710027,31,0.905,UP,1,True,0.90-0.93
1710030,35,0.955,DOWN,0,True,0.93-0.96
1710055,27,0.935,DOWN,0,True,0.93-0.96
1710181,29,0.955,DOWN,0,True,0.93-0.96
1710203,31,0.985,UP,1,True,>0.96
1710361,30,0.925,DOWN,0,True,0.90-0.93
1710375,33,0.975,DOWN,0,True,>0.96
1710383,34,0.905,UP,1,True,0.90-0.93
1710394,31,0.93,UP,1,True,0.90-0.93
1710582,20,0.935,UP,1,True,0.93-0.96
1710591,35,0.91,UP,1,True,0.90-0.93
1710599,32,0.915,DOWN,0,True,0.90-0.93
1710645,33,0.965,UP,1,True,>0.96
1710674,35,0.905,UP,1,True,0.90-0.93
1710717,36,0.995,DOWN,0,True,>0.96
1710784,33,0.915,UP,1,True,0.90-0.93
1710856,34,0.975,DOWN,0,True,>0.96
1710864,29,0.925,UP,1,True,0.90-0.93
1710935,29,0.965,UP,1,True,>0.96
1710996,30,0.965,DOWN,0,True,>0.96
1711280,34,0.985,DOWN,0,True,>0.96
1711292,32,0.955,DOWN,0,True,0.93-0.96
1711320,36,0.985,DOWN,0,True,>0.96
1711425,31,0.985,DOWN,0,True,>0.96
1711906,35,0.955,DOWN,0,True,0.93-0.96
1711947,35,0.955,UP,1,True,0.93-0.96
1711992,34,0.94,DOWN,0,True,0.93-0.96
1712017,35,0.895,UP,1,True,0.88-0.90
1712047,33,0.915,UP,1,True,0.90-0.93
1712458,34,0.955,DOWN,0,True,0.93-0.96
1712566,35,0.965,DOWN,0,True,>0.96
1716910,36,0.975,UP,1,True,>0.96
1716965,32,0.955,DOWN,0,True,0.93-0.96
1716982,34,0.935,DOWN,0,True,0.93-0.96
1716991,32,0.95,DOWN,0,True,0.93-0.96
1717219,33,0.94,DOWN,0,True,0.93-0.96
1718572,29,0.975,UP,1,True,>0.96
1720663,33,0.975,UP,1,True,>0.96
1720946,38,0.965,DOWN,0,True,>0.96
1722094,33,0.955,UP,1,True,0.93-0.96
1722151,39,0.975,DOWN,0,True,>0.96
1722527,33,0.945,UP,1,True,0.93-0.96
1722575,36,0.915,UP,1,True,0.90-0.93
1723144,31,0.995,UP,1,True,>0.96
1723457,26,0.935,DOWN,0,True,0.93-0.96
1724811,34,0.975,DOWN,0,True,>0.96
1725488,31,0.985,UP,1,True,>0.96
1725687,35,0.955,DOWN,0,True,0.93-0.96
1726274,31,0.965,DOWN,0,True,>0.96
1726309,31,0.975,DOWN,0,True,>0.96
1726683,33,0.945,UP,1,True,0.93-0.96
1726693,33,0.995,DOWN,0,True,>0.96
1726724,34,0.975,DOWN,0,True,>0.96
1726740,34,0.895,DOWN,0,True,0.88-0.90
1726975,33,0.955,DOWN,0,True,0.93-0.96
1727150,11,0.885,DOWN,0,True,0.88-0.90
1727237,35,0.975,UP,1,True,>0.96
1727543,35,0.915,DOWN,0,True,0.90-0.93
1727552,35,0.985,UP,1,True,>0.96
1728285,34,0.965,DOWN,0,True,>0.96
1729089,35,0.975,UP,1,True,>0.96
1729818,31,0.945,UP,1,True,0.93-0.96
1730857,29,0.985,UP,1,True,>0.96
1731874,31,0.985,DOWN,0,True,>0.96
1732129,32,0.905,DOWN,0,True,0.90-0.93
1732270,24,0.985,UP,1,True,>0.96
1732317,33,0.965,DOWN,0,True,>0.96
1732338,31,0.995,UP,1,True,>0.96
1732369,33,0.985,DOWN,0,True,>0.96
1732696,35,0.975,UP,1,True,>0.96
1732887,35,0.945,DOWN,0,True,0.93-0.96
1732901,31,0.945,DOWN,0,True,0.93-0.96
1732963,30,0.995,DOWN,0,True,>0.96
1733038,28,0.965,UP,1,True,>0.96
1733243,32,0.975,UP,1,True,>0.96
1733283,33,0.975,DOWN,0,True,>0.96
1733468,34,0.955,UP,1,True,0.93-0.96
1733646,30,0.975,DOWN,0,True,>0.96
1733759,38,0.975,UP,1,True,>0.96
1733870,34,0.985,UP,1,True,>0.96
1734274,32,0.955,UP,1,True,0.93-0.96
1734277,31,0.985,UP,1,True,>0.96
1734319,24,0.925,DOWN,0,True,0.90-0.93
1734829,14,0.945,DOWN,0,True,0.93-0.96
1734945,27,0.975,UP,1,True,>0.96
1735238,26,0.915,DOWN,0,True,0.90-0.93
1737040,36,0.945,DOWN,0,True,0.93-0.96
1737304,30,0.985,UP,1,True,>0.96
1738047,25,0.955,UP,1,True,0.93-0.96
1738257,31,0.905,UP,1,True,0.90-0.93
1738668,31,0.935,DOWN,0,True,0.93-0.96
1738760,31,0.925,UP,1,True,0.90-0.93
1739214,20,0.955,UP,1,True,0.93-0.96
1739701,29,0.895,DOWN,0,True,0.88-0.90
1739781,25,0.925,UP,1,True,0.90-0.93
1740309,31,0.965,UP,1,True,>0.96
1740486,27,0.965,UP,1,True,>0.96
1740574,30,0.925,DOWN,0,True,0.90-0.93
1740691,32,0.935,UP,1,True,0.93-0.96
1740844,32,0.985,DOWN,0,True,>0.96
1741343,30,0.945,DOWN,0,True,0.93-0.96
1741712,32,0.885,UP,1,True,0.88-0.90
1742029,30,0.915,UP,1,True,0.90-0.93
1742645,27,0.935,DOWN,0,True,0.93-0.96
1742704,31,0.91,DOWN,0,True,0.90-0.93
1743065,30,0.925,DOWN,0,True,0.90-0.93
1743337,29,0.955,UP,1,True,0.93-0.96
1743410,32,0.925,UP,1,True,0.90-0.93
1743549,25,0.895,DOWN,0,True,0.88-0.90
1743567,32,0.925,DOWN,0,True,0.90-0.93
1744022,23,0.96,UP,1,True,0.93-0.96
1744172,28,0.975,DOWN,0,True,>0.96
1744867,26,0.985,UP,1,True,>0.96
1745125,26,0.905,UP,1,True,0.90-0.93
1745187,26,0.975,UP,1,True,>0.96
1745404,32,0.905,DOWN,0,True,0.90-0.93
1745518,31,0.935,UP,1,True,0.93-0.96
1746272,28,0.995,DOWN,0,True,>0.96
1746579,26,0.955,DOWN,0,True,0.93-0.96
1746663,29,0.945,UP,1,True,0.93-0.96
1746808,12,0.985,UP,1,True,>0.96
1747146,18,0.925,DOWN,0,True,0.90-0.93
1747309,25,0.93,UP,1,True,0.90-0.93
1747453,26,0.985,DOWN,0,True,>0.96
1747495,21,0.925,UP,1,True,0.90-0.93
1747925,20,0.995,DOWN,0,True,>0.96
1749076,27,0.985,UP,1,True,>0.96
1754457,29,0.945,DOWN,0,True,0.93-0.96
1754514,20,0.94,DOWN,0,True,0.93-0.96
1754524,20,0.985,UP,1,True,>0.96
1755027,28,0.915,DOWN,0,True,0.90-0.93
1755121,32,0.905,UP,1,True,0.90-0.93
1755319,25,0.995,DOWN,0,True,>0.96
1756594,32,0.995,DOWN,0,True,>0.96
1756849,20,0.915,DOWN,0,True,0.90-0.93
1757648,23,0.915,DOWN,0,True,0.90-0.93
1757931,58,0.935,UP,1,True,0.93-0.96
1758143,24,0.98,UP,1,True,>0.96
1758155,29,0.955,UP,1,True,0.93-0.96
1758377,26,0.975,DOWN,0,True,>0.96
1758415,23,0.975,UP,1,True,>0.96
1759881,13,0.92,DOWN,0,True,0.90-0.93
1759919,15,0.925,UP,1,True,0.90-0.93
1759947,22,0.895,UP,1,True,0.88-0.90
1759956,26,0.925,UP,1,True,0.90-0.93
1760469,14,0.975,DOWN,0,True,>0.96
1760476,22,0.895,UP,1,True,0.88-0.90
1760676,22,0.935,UP,1,True,0.93-0.96
1760722,21,0.915,UP,1,True,0.90-0.93
1760785,18,0.975,DOWN,0,True,>0.96
1760827,27,0.925,DOWN,0,True,0.90-0.93
1760990,22,0.985,DOWN,0,True,>0.96
1761074,31,0.995,UP,1,True,>0.96
1761254,23,0.975,DOWN,0,True,>0.96
1761321,0,0.935,UP,1,True,0.93-0.96
1761397,23,0.93,DOWN,0,True,0.90-0.93
1761709,25,0.915,UP,1,True,0.90-0.93
1761859,25,0.965,UP,1,True,>0.96
1761877,19,0.985,UP,1,True,>0.96
1761883,24,0.975,DOWN,0,True,>0.96
1762087,30,0.925,DOWN,0,True,0.90-0.93
1762105,31,0.995,DOWN,0,True,>0.96
1762187,21,0.975,UP,1,True,>0.96
1762248,29,0.985,UP,1,True,>0.96
1762775,25,0.935,DOWN,0,True,0.93-0.96
1762981,27,0.995,UP,1,True,>0.96
1763578,18,0.905,UP,1,True,0.90-0.93
1763587,27,0.985,DOWN,0,True,>0.96
1763792,15,0.975,DOWN,0,True,>0.96
1763807,22,0.975,DOWN,0,True,>0.96
1764172,20,0.975,UP,1,True,>0.96
1764366,21,0.935,UP,1,True,0.93-0.96
1764378,9,0.985,DOWN,0,True,>0.96
1764481,21,0.935,UP,1,True,0.93-0.96
1764784,14,0.945,DOWN,0,True,0.93-0.96
1765201,16,0.945,UP,1,True,0.93-0.96
1765286,19,0.975,DOWN,0,True,>0.96
1765391,11,0.945,DOWN,0,True,0.93-0.96
1765553,17,0.975,UP,1,True,>0.96
1765804,28,0.995,UP,1,True,>0.96
1765817,25,0.995,UP,1,True,>0.96
1765852,20,0.91,DOWN,0,True,0.90-0.93
1766012,20,0.935,UP,1,True,0.93-0.96
1766142,16,0.925,DOWN,0,True,0.90-0.93
1766354,27,0.895,UP,1,True,0.88-0.90
1766465,21,0.925,UP,1,True,0.90-0.93
1766791,23,0.995,DOWN,0,True,>0.96
1766962,15,0.995,DOWN,0,True,>0.96
1767100,25,0.975,UP,1,True,>0.96
1767123,26,0.9705,UP,1,True,>0.96
1767217,26,0.995,DOWN,0,True,>0.96
1767226,20,0.995,DOWN,0,True,>0.96
1767236,17,0.995,DOWN,0,True,>0.96
1767251,9,0.995,UP,1,True,>0.96
1767788,22,0.985,UP,1,True,>0.96
1767956,19,0.945,UP,1,True,0.93-0.96
1768119,23,0.975,UP,1,True,>0.96
1768223,23,0.93,DOWN,0,True,0.90-0.93
1768277,20,0.905,UP,1,True,0.90-0.93
1768307,11,0.935,DOWN,0,True,0.93-0.96
1768323,15,0.905,DOWN,0,True,0.90-0.93
1768449,18,0.945,DOWN,0,True,0.93-0.96
1768657,25,0.935,UP,1,True,0.93-0.96
1768666,14,0.975,DOWN,0,True,>0.96
1768727,21,0.885,DOWN,0,True,0.88-0.90
1768753,19,0.905,DOWN,0,True,0.90-0.93
1768768,17,0.935,UP,1,True,0.93-0.96
1768925,22,0.965,UP,1,True,>0.96
1769104,21,0.965,UP,1,True,>0.96
1769128,24,0.995,UP,1,True,>0.96
1769169,27,0.95,DOWN,0,True,0.93-0.96
1769193,25,0.945,UP,1,True,0.93-0.96
1769201,23,0.905,DOWN,0,True,0.90-0.93
1769465,2,0.955,UP,1,True,0.93-0.96
1769474,13,0.905,UP,1,True,0.90-0.93
1769605,18,0.94,DOWN,0,True,0.93-0.96
1769676,25,0.995,UP,1,True,>0.96
1769756,20,0.975,UP,1,True,>0.96
1769762,21,0.995,DOWN,0,True,>0.96
1769999,19,0.985,DOWN,0,True,>0.96
1770145,25,0.945,UP,1,True,0.93-0.96
1770154,19,0.945,UP,1,True,0.93-0.96
1770197,5,0.955,DOWN,0,True,0.93-0.96
1770211,18,0.945,DOWN,0,True,0.93-0.96
1770410,21,0.965,DOWN,0,True,>0.96
1770630,20,0.965,UP,1,True,>0.96
1770986,19,0.975,UP,1,True,>0.96
1771050,27,0.925,DOWN,0,True,0.90-0.93
1771052,26,0.975,UP,1,True,>0.96
1771071,21,0.905,UP,1,True,0.90-0.93
1771578,0,0.995,UP,1,True,>0.96
1771746,25,0.945,DOWN,0,True,0.93-0.96
1772241,23,0.995,DOWN,0,True,>0.96
1772370,28,0.965,UP,1,True,>0.96
1772390,22,0.935,DOWN,0,True,0.93-0.96
1772611,22,0.965,DOWN,0,True,>0.96
1772615,16,0.965,UP,1,True,>0.96
1773180,25,0.945,DOWN,0,True,0.93-0.96
1773447,20,0.995,DOWN,0,True,>0.96
1773603,12,0.915,DOWN,0,True,0.90-0.93
1774268,20,0.925,UP,1,True,0.90-0.93
1774406,20,0.955,UP,1,True,0.93-0.96
1774978,21,0.965,DOWN,0,True,>0.96
1775563,15,0.985,UP,1,True,>0.96
1775570,17,0.945,UP,1,True,0.93-0.96
1775667,16,0.925,UP,1,True,0.90-0.93
1775677,12,0.965,UP,1,True,>0.96
1775689,21,0.925,DOWN,0,True,0.90-0.93
1775698,18,0.905,UP,1,True,0.90-0.93
1775739,15,0.945,DOWN,0,True,0.93-0.96
1775846,21,0.925,UP,1,True,0.90-0.93
1776035,21,0.955,UP,1,True,0.93-0.96
1776123,24,0.995,UP,1,True,>0.96
1776197,13,0.985,DOWN,0,True,>0.96
1776210,12,0.975,UP,1,True,>0.96
1776249,24,0.925,DOWN,0,True,0.90-0.93
1776264,15,0.995,UP,1,True,>0.96
1776522,13,0.995,DOWN,0,True,>0.96
1776671,10,0.975,UP,1,True,>0.96
1776764,15,0.985,UP,1,True,>0.96
1776874,60,0.93,DOWN,0,True,0.90-0.93
1776943,12,0.955,DOWN,0,True,0.93-0.96
1776986,18,0.985,DOWN,0,True,>0.96
1776995,16,0.905,DOWN,0,True,0.90-0.93
1777027,22,0.955,UP,1,True,0.93-0.96
1777036,16,0.995,UP,1,True,>0.96
1777057,18,0.995,UP,1,True,>0.96
1777224,16,0.985,DOWN,0,True,>0.96
1777231,25,0.955,UP,1,True,0.93-0.96
1777327,25,0.985,DOWN,0,True,>0.96
1777349,25,0.985,UP,1,True,>0.96
1777361,21,0.995,UP,1,True,>0.96
1777465,24,0.945,DOWN,0,True,0.93-0.96
1777494,23,0.905,DOWN,0,True,0.90-0.93
1777500,15,0.965,UP,1,True,>0.96
1777785,23,0.965,DOWN,0,True,>0.96
1777951,17,0.995,DOWN,0,True,>0.96
1778180,19,0.955,DOWN,0,True,0.93-0.96
1778192,21,0.985,DOWN,0,True,>0.96
1778221,17,0.975,UP,1,True,>0.96
1778267,58,0.955,UP,1,True,0.93-0.96
1778286,16,0.965,DOWN,0,True,>0.96
1778331,15,0.975,UP,1,True,>0.96
1778554,23,0.965,UP,1,True,>0.96
1778771,18,0.995,DOWN,0,True,>0.96
1778915,13,0.975,DOWN,0,True,>0.96
1778930,20,0.985,DOWN,0,True,>0.96
1779286,7,0.945,DOWN,0,True,0.93-0.96
1779726,14,0.955,DOWN,0,True,0.93-0.96
1780196,3,0.945,UP,1,True,0.93-0.96
1781611,15,0.925,UP,1,True,0.90-0.93
1781791,20,0.975,DOWN,0,True,>0.96
1781816,25,0.995,DOWN,0,True,>0.96
1782003,21,0.975,UP,1,True,>0.96
1782015,16,0.965,UP,1,True,>0.96
1782118,17,0.985,UP,1,True,>0.96
1782372,19,0.935,UP,1,True,0.93-0.96
1782615,3,0.965,UP,1,True,>0.96
1782649,16,0.975,DOWN,0,True,>0.96
1782680,22,0.975,UP,1,True,>0.96
1782713,17,0.965,DOWN,0,True,>0.96
1782947,1,0.925,DOWN,0,True,0.90-0.93
1782969,19,0.945,UP,1,True,0.93-0.96
1783228,27,0.965,UP,1,True,>0.96
1783233,13,0.975,DOWN,0,True,>0.96
1783517,19,0.975,DOWN,0,True,>0.96
1783612,23,0.885,UP,1,True,0.88-0.90
1783626,20,0.995,DOWN,0,True,>0.96
1783699,5,0.955,UP,1,True,0.93-0.96
1783807,15,0.925,UP,1,True,0.90-0.93
1783845,21,0.965,UP,1,True,>0.96
1783975,26,0.925,UP,1,True,0.90-0.93
1783993,21,0.965,DOWN,0,True,>0.96
1784043,22,0.935,UP,1,True,0.93-0.96
1784144,22,0.995,DOWN,0,True,>0.96
1784174,24,0.965,UP,1,True,>0.96
1784247,24,0.975,UP,1,True,>0.96
1784262,60,0.895,UP,1,True,0.88-0.90
1784421,10,0.945,UP,1,True,0.93-0.96
1784488,18,0.985,UP,1,True,>0.96
1784685,18,0.965,DOWN,0,True,>0.96
1784719,24,0.995,DOWN,0,True,>0.96
1784730,9,0.955,DOWN,0,True,0.93-0.96
1784805,24,0.925,DOWN,0,True,0.90-0.93
1784819,18,0.935,UP,1,True,0.93-0.96
1784862,16,0.995,UP,1,True,>0.96
1784869,19,0.945,DOWN,0,True,0.93-0.96
1784879,14,0.997,UP,1,True,>0.96
1784889,20,0.965,DOWN,0,True,>0.96
1785199,18,0.975,UP,1,True,>0.96
1785288,15,0.985,UP,1,True,>0.96
1785289,16,0.995,UP,1,True,>0.96
1785330,21,0.995,UP,1,True,>0.96
1785434,19,0.975,DOWN,0,True,>0.96
1785438,24,0.975,DOWN,0,True,>0.96
1785578,16,0.975,DOWN,0,True,>0.96
1785778,13,0.995,UP,1,True,>0.96
1785813,24,0.895,DOWN,0,True,0.88-0.90
1785851,17,0.955,DOWN,0,True,0.93-0.96
1785867,27,0.975,UP,1,True,>0.96
1786008,23,0.915,DOWN,0,True,0.90-0.93
1786089,18,0.965,UP,1,True,>0.96
1786233,26,0.995,DOWN,0,True,>0.96
1786243,19,0.93,UP,1,True,0.90-0.93
1786277,13,0.985,DOWN,0,True,>0.96
1786292,25,0.985,UP,1,True,>0.96
1789967,9,0.955,DOWN,0,True,0.93-0.96
1790223,23,0.975,UP,1,True,>0.96
1790343,8,0.955,UP,1,True,0.93-0.96
1790378,22,0.965,DOWN,0,True,>0.96
1790549,18,0.995,UP,1,True,>0.96
1790713,18,0.995,DOWN,0,True,>0.96
1790952,10,0.945,DOWN,0,True,0.93-0.96
1791086,4,0.955,UP,1,True,0.93-0.96
1791122,12,0.965,UP,1,True,>0.96
1791445,13,0.915,UP,1,True,0.90-0.93
1791781,60,0.975,DOWN,0,True,>0.96
1791782,6,0.965,UP,1,True,>0.96
1791855,20,0.995,UP,1,True,>0.96
1791887,44,0.945,DOWN,0,True,0.93-0.96
1791891,44,0.995,DOWN,0,True,>0.96
1791930,55,0.985,DOWN,0,True,>0.96
1791941,56,0.965,DOWN,0,True,>0.96
1791952,5,0.955,DOWN,0,True,0.93-0.96
1791963,1,0.995,DOWN,0,True,>0.96
1792121,14,0.995,UP,1,True,>0.96
1792131,18,0.995,UP,1,True,>0.96
1792142,19,0.955,UP,1,True,0.93-0.96
1792232,12,0.965,DOWN,0,True,>0.96
1792256,60,0.905,UP,1,True,0.90-0.93
1792300,13,0.995,DOWN,0,True,>0.96
1793123,18,0.985,DOWN,0,True,>0.96
1793257,51,0.975,UP,1,True,>0.96
1796221,58,0.975,UP,1,True,>0.96
1801097,23,0.995,DOWN,0,True,>0.96
1802625,17,0.995,UP,1,True,>0.96
1802733,21,0.985,DOWN,0,True,>0.96
1804446,22,0.955,UP,1,True,0.93-0.96
1804686,25,0.925,DOWN,0,True,0.90-0.93
1807385,12,0.995,DOWN,0,True,>0.96
1809061,13,0.945,UP,1,True,0.93-0.96
1810652,17,0.995,UP,1,True,>0.96
1810698,9,0.965,UP,1,True,>0.96
1812210,14,0.985,DOWN,0,True,>0.96
1812268,18,0.92,DOWN,0,True,0.90-0.93
1813241,19,0.995,DOWN,0,True,>0.96
1813301,17,0.985,UP,1,True,>0.96
1813380,19,0.925,UP,1,True,0.90-0.93
1814011,25,0.995,DOWN,0,True,>0.96
1814043,16,0.91,DOWN,0,True,0.90-0.93
1814096,15,0.995,DOWN,0,True,>0.96
1814106,19,0.915,UP,1,True,0.90-0.93
1814123,17,0.945,UP,1,True,0.93-0.96
1814621,20,0.985,DOWN,0,True,>0.96
1815474,23,0.975,DOWN,0,True,>0.96
1815488,20,0.975,DOWN,0,True,>0.96
1815501,21,0.985,UP,1,True,>0.96
1816036,15,0.975,UP,1,True,>0.96
1816069,18,0.93,UP,1,True,0.90-0.93
1816078,56,0.985,DOWN,0,True,>0.96
1818359,47,0.925,UP,1,True,0.90-0.93
1818540,30,0.995,UP,1,True,>0.96
1819877,21,0.975,UP,1,True,>0.96
1820078,16,0.955,UP,1,True,0.93-0.96
1821454,22,0.975,DOWN,0,True,>0.96
1821460,15,0.975,DOWN,0,True,>0.96
1821705,17,0.965,DOWN,0,True,>0.96
1822871,17,0.915,DOWN,0,True,0.90-0.93
1822883,17,0.945,UP,1,True,0.93-0.96
1823066,18,0.995,UP,1,True,>0.96
1823084,22,0.995,DOWN,0,True,>0.96
1824715,19,0.915,DOWN,0,True,0.90-0.93
1824887,22,0.995,DOWN,0,True,>0.96
1824919,23,0.995,UP,1,True,>0.96
1840793,14,0.995,UP,1,True,>0.96
1840846,16,0.955,DOWN,0,True,0.93-0.96
1841268,18,0.935,UP,1,True,0.93-0.96
1841308,12,0.925,DOWN,0,True,0.90-0.93
1841318,22,0.985,DOWN,0,True,>0.96
1841334,12,0.925,DOWN,0,True,0.90-0.93
1841383,4,0.935,UP,1,True,0.93-0.96
1841402,14,0.965,DOWN,0,True,>0.96
1841711,13,0.945,DOWN,0,True,0.93-0.96
1841740,15,0.935,UP,1,True,0.93-0.96
1841815,58,0.935,UP,1,True,0.93-0.96
1841823,22,0.955,UP,1,True,0.93-0.96
1842152,16,0.955,DOWN,0,True,0.93-0.96
1842319,16,0.915,DOWN,0,True,0.90-0.93
1842491,20,0.905,UP,1,True,0.90-0.93
1842548,17,0.945,DOWN,0,True,0.93-0.96
1843430,19,0.995,UP,1,True,>0.96
1843437,19,0.905,UP,1,True,0.90-0.93
1843448,18,0.915,UP,1,True,0.90-0.93
1843460,19,0.935,UP,1,True,0.93-0.96
1843667,18,0.945,DOWN,0,True,0.93-0.96
1843710,17,0.935,DOWN,0,True,0.93-0.96
1843734,12,0.925,DOWN,0,True,0.90-0.93
1843790,10,0.9985,UP,1,True,>0.96
1844189,11,0.985,DOWN,0,True,>0.96
1844199,21,0.955,UP,1,True,0.93-0.96
1844262,15,0.945,DOWN,0,True,0.93-0.96
1844302,8,0.965,DOWN,0,True,>0.96
1844312,10,0.975,DOWN,0,True,>0.96
1844535,20,0.955,UP,1,True,0.93-0.96
1844542,22,0.955,UP,1,True,0.93-0.96
1844672,21,0.905,DOWN,0,True,0.90-0.93
1844985,18,0.905,DOWN,0,True,0.90-0.93
1845031,13,0.995,UP,1,True,>0.96
1845049,14,0.935,DOWN,0,True,0.93-0.96
1845065,20,0.955,DOWN,0,True,0.93-0.96
1845411,18,0.965,UP,1,True,>0.96
1845527,22,0.905,UP,1,True,0.90-0.93
1845698,11,0.945,UP,1,True,0.93-0.96
1845703,15,0.975,UP,1,True,>0.96
1846705,15,0.995,UP,1,True,>0.96
1846741,10,0.985,DOWN,0,True,>0.96
1846784,12,0.97,UP,1,True,>0.96
1846786,13,0.905,UP,1,True,0.90-0.93
1846923,1,0.955,DOWN,0,True,0.93-0.96
1847094,12,0.965,DOWN,0,True,>0.96
1847107,10,0.965,UP,1,True,>0.96
1847325,17,0.965,UP,1,True,>0.96
1847381,11,0.975,DOWN,0,True,>0.96
1847654,18,0.945,DOWN,0,True,0.93-0.96
1847910,17,0.905,UP,1,True,0.90-0.93
1847969,21,0.965,DOWN,0,True,>0.96
1848000,14,0.925,UP,1,True,0.90-0.93
1848057,23,0.935,UP,1,True,0.93-0.96
1848236,12,0.975,UP,1,True,>0.96
1848252,20,0.995,UP,1,True,>0.96
1848275,10,0.995,UP,1,True,>0.96
1848446,16,0.995,DOWN,0,True,>0.96
1848487,11,0.945,DOWN,0,True,0.93-0.96
1848494,17,0.895,DOWN,0,True,0.88-0.90
1848509,47,0.965,DOWN,0,True,>0.96
1848530,15,0.895,UP,1,True,0.88-0.90
1848547,16,0.975,DOWN,0,True,>0.96
1848559,1,0.945,UP,1,True,0.93-0.96
1848590,13,0.975,DOWN,0,True,>0.96
1848730,57,0.975,DOWN,0,True,>0.96
1849054,13,0.93,UP,1,True,0.90-0.93
1849284,15,0.935,UP,1,True,0.93-0.96
1849314,23,0.98,DOWN,0,True,>0.96
1849525,12,0.945,UP,1,True,0.93-0.96
1849539,19,0.905,UP,1,True,0.90-0.93
1849581,22,0.945,UP,1,True,0.93-0.96
1849742,14,0.885,UP,1,True,0.88-0.90
1849838,21,0.975,UP,1,True,>0.96
1850412,22,0.93,DOWN,0,True,0.90-0.93
1850937,20,0.955,DOWN,0,True,0.93-0.96
1851129,18,0.945,DOWN,0,True,0.93-0.96
1851360,24,0.885,DOWN,0,True,0.88-0.90
1851557,20,0.945,DOWN,0,True,0.93-0.96
1851569,24,0.935,UP,1,True,0.93-0.96
1851834,22,0.955,DOWN,0,True,0.93-0.96
1852101,14,0.905,DOWN,0,True,0.90-0.93
1852179,7,0.935,DOWN,0,True,0.93-0.96
1852383,9,0.915,DOWN,0,True,0.90-0.93
1852575,20,0.915,DOWN,0,True,0.90-0.93
1852600,21,0.935,DOWN,0,True,0.93-0.96
1852610,20,0.935,UP,1,True,0.93-0.96
1852822,18,0.945,DOWN,0,True,0.93-0.96
1852837,23,0.925,DOWN,0,True,0.90-0.93
1853205,20,0.925,DOWN,0,True,0.90-0.93
1853238,8,0.915,DOWN,0,True,0.90-0.93
1853249,15,0.955,DOWN,0,True,0.93-0.96
1853434,23,0.945,UP,1,True,0.93-0.96
1853451,18,0.925,UP,1,True,0.90-0.93
1853499,3,0.955,UP,1,True,0.93-0.96
1853505,3,0.925,UP,1,True,0.90-0.93
1853574,23,0.895,UP,1,True,0.88-0.90
1853772,23,0.965,DOWN,0,True,>0.96
1853979,19,0.915,DOWN,0,True,0.90-0.93
1854022,22,0.985,DOWN,0,True,>0.96
1854051,14,0.925,UP,1,True,0.90-0.93
1854063,22,0.955,UP,1,True,0.93-0.96
1854981,19,0.925,DOWN,0,True,0.90-0.93
1854988,15,0.935,DOWN,0,True,0.93-0.96
1855284,22,0.935,UP,1,True,0.93-0.96
1855311,18,0.995,UP,1,True,>0.96
1855319,17,0.905,DOWN,0,True,0.90-0.93
1855414,22,0.945,DOWN,0,True,0.93-0.96
1855430,25,0.955,DOWN,0,True,0.93-0.96
1855835,24,0.935,UP,1,True,0.93-0.96
1856053,22,0.93,UP,1,True,0.90-0.93
1856069,18,0.985,DOWN,0,True,>0.96
1856129,21,0.945,DOWN,0,True,0.93-0.96
1856132,19,0.915,UP,1,True,0.90-0.93
1856229,9,0.905,UP,1,True,0.90-0.93
1856240,21,0.9855,DOWN,0,True,>0.96
1856286,23,0.985,DOWN,0,True,>0.96
1856510,16,0.994,DOWN,0,True,>0.96
1856729,15,0.975,UP,1,True,>0.96
1856751,20,0.98,UP,1,True,>0.96
1856786,10,0.985,UP,1,True,>0.96
1856947,24,0.945,UP,1,True,0.93-0.96
1856960,18,0.945,UP,1,True,0.93-0.96
1856996,21,0.92,UP,1,True,0.90-0.93
1857155,58,0.985,UP,1,True,>0.96
1857194,3,0.92,UP,1,True,0.90-0.93
1857398,12,0.915,DOWN,0,True,0.90-0.93
1857413,22,0.91,DOWN,0,True,0.90-0.93
1857507,23,0.965,DOWN,0,True,>0.96
1869124,18,0.995,UP,1,True,>0.96
1870526,18,0.985,DOWN,0,True,>0.96
1876569,25,0.985,DOWN,0,True,>0.96
1878612,19,0.965,UP,1,True,>0.96
1884470,49,0.955,UP,1,True,0.93-0.96
1886793,12,0.925,DOWN,1,False,0.90-0.93
1892837,18,0.925,DOWN,0,True,0.90-0.93
1897637,5,0.995,DOWN,0,True,>0.96
1900399,56,0.975,UP,1,True,>0.96
1904589,54,0.895,UP,1,True,0.88-0.90
1912071,52,0.965,DOWN,0,True,>0.96
1912485,32,0.955,UP,1,True,0.93-0.96
